Column1,SEQUENCE,TASTE,Std_SMILES,Parent_SMILES
0,RKE,umami,N=C(N)NCCC[C@H](N)C(=O)N[C@@H](CCCCN)C(=O)N[C@@H](CCC(=O)O)C(=O)O,N=C(N)NCCC[C@H](N)C(=O)N[C@@H](CCCCN)C(=O)N[C@@H](CCC(=O)O)C(=O)O
1,VAV,umami,CC(C)[C@H](N)C(=O)N[C@@H](C)C(=O)N[C@H](C(=O)O)C(C)C,CC(C)[C@H](N)C(=O)N[C@@H](C)C(=O)N[C@H](C(=O)O)C(C)C
2,KGDEESLA,umami,CC(C)C[C@H](NC(=O)[C@H](CO)NC(=O)[C@H](CCC(=O)O)NC(=O)[C@H](CCC(=O)O)NC(=O)[C@H](CC(=O)O)NC(=O)CNC(=O)[C@@H](N)CCCCN)C(=O)N[C@@H](C)C(=O)O,CC(C)C[C@H](NC(=O)[C@H](CO)NC(=O)[C@H](CCC(=O)O)NC(=O)[C@H](CCC(=O)O)NC(=O)[C@H](CC(=O)O)NC(=O)CNC(=O)[C@@H](N)CCCCN)C(=O)N[C@@H](C)C(=O)O
3,SAEQK,umami,C[C@H](NC(=O)[C@@H](N)CO)C(=O)N[C@@H](CCC(=O)O)C(=O)N[C@@H](CCC(N)=O)C(=O)N[C@@H](CCCCN)C(=O)O,C[C@H](NC(=O)[C@@H](N)CO)C(=O)N[C@@H](CCC(=O)O)C(=O)N[C@@H](CCC(N)=O)C(=O)N[C@@H](CCCCN)C(=O)O
4,CM,umami,CSCC[C@H](NC(=O)[C@@H](N)CS)C(=O)O,CSCC[C@H](NC(=O)[C@@H](N)CS)C(=O)O
5,DG,umami,N[C@@H](CC(=O)O)C(=O)NCC(=O)O,N[C@@H](CC(=O)O)C(=O)NCC(=O)O
6,DE,umami,N[C@@H](CC(=O)O)C(=O)N[C@@H](CCC(=O)O)C(=O)O,N[C@@H](CC(=O)O)C(=O)N[C@@H](CCC(=O)O)C(=O)O
7,EEL,umami,CC(C)C[C@H](NC(=O)[C@H](CCC(=O)O)NC(=O)[C@@H](N)CCC(=O)O)C(=O)O,CC(C)C[C@H](NC(=O)[C@H](CCC(=O)O)NC(=O)[C@@H](N)CCC(=O)O)C(=O)O
8,LVG,umami,CC(C)C[C@H](N)C(=O)N[C@H](C(=O)NCC(=O)O)C(C)C,CC(C)C[C@H](N)C(=O)N[C@H](C(=O)NCC(=O)O)C(C)C
9,SLAKGDEE,umami,CC(C)C[C@H](NC(=O)[C@@H](N)CO)C(=O)N[C@@H](C)C(=O)N[C@@H](CCCCN)C(=O)NCC(=O)N[C@@H](CC(=O)O)C(=O)N[C@@H](CCC(=O)O)C(=O)N[C@@H](CCC(=O)O)C(=O)O,CC(C)C[C@H](NC(=O)[C@@H](N)CO)C(=O)N[C@@H](C)C(=O)N[C@@H](CCCCN)C(=O)NCC(=O)N[C@@H](CC(=O)O)C(=O)N[C@@H](CCC(=O)O)C(=O)N[C@@H](CCC(=O)O)C(=O)O
10,DD,umami,N[C@@H](CC(=O)O)C(=O)N[C@@H](CC(=O)O)C(=O)O,N[C@@H](CC(=O)O)C(=O)N[C@@H](CC(=O)O)C(=O)O
11,VGG,umami,CC(C)[C@H](N)C(=O)NCC(=O)NCC(=O)O,CC(C)[C@H](N)C(=O)NCC(=O)NCC(=O)O
12,EEE,umami,N[C@@H](CCC(=O)O)C(=O)N[C@@H](CCC(=O)O)C(=O)N[C@@H](CCC(=O)O)C(=O)O,N[C@@H](CCC(=O)O)C(=O)N[C@@H](CCC(=O)O)C(=O)N[C@@H](CCC(=O)O)C(=O)O
13,LSERYP,umami,CC(C)C[C@H](N)C(=O)N[C@@H](CO)C(=O)N[C@@H](CCC(=O)O)C(=O)N[C@@H](CCCNC(=N)N)C(=O)N[C@@H](Cc1ccc(O)cc1)C(=O)N1CCC[C@H]1C(=O)O,CC(C)C[C@H](N)C(=O)N[C@@H](CO)C(=O)N[C@@H](CCC(=O)O)C(=O)N[C@@H](CCCNC(=N)N)C(=O)N[C@@H](Cc1ccc(O)cc1)C(=O)N1CCC[C@H]1C(=O)O
14,GCG,umami,NCC(=O)N[C@@H](CS)C(=O)NCC(=O)O,NCC(=O)N[C@@H](CS)C(=O)NCC(=O)O
15,AHSVRFY,umami,CC(C)[C@H](NC(=O)[C@H](CO)NC(=O)[C@H](Cc1c[nH]cn1)NC(=O)[C@H](C)N)C(=O)N[C@@H](CCCNC(=N)N)C(=O)N[C@@H](Cc1ccccc1)C(=O)N[C@@H](Cc1ccc(O)cc1)C(=O)O,CC(C)[C@H](NC(=O)[C@H](CO)NC(=O)[C@H](Cc1c[nH]cn1)NC(=O)[C@H](C)N)C(=O)N[C@@H](CCCNC(=N)N)C(=O)N[C@@H](Cc1ccccc1)C(=O)N[C@@H](Cc1ccc(O)cc1)C(=O)O
16,EEEQ,umami,NC(=O)CC[C@H](NC(=O)[C@H](CCC(=O)O)NC(=O)[C@H](CCC(=O)O)NC(=O)[C@@H](N)CCC(=O)O)C(=O)O,NC(=O)CC[C@H](NC(=O)[C@H](CCC(=O)O)NC(=O)[C@H](CCC(=O)O)NC(=O)[C@@H](N)CCC(=O)O)C(=O)O
17,YGGTPPFV,umami,CC(C)[C@H](NC(=O)[C@H](Cc1ccccc1)NC(=O)[C@@H]1CCCN1C(=O)[C@@H]1CCCN1C(=O)[C@@H](NC(=O)CNC(=O)CNC(=O)[C@@H](N)Cc1ccc(O)cc1)[C@@H](C)O)C(=O)O,CC(C)[C@H](NC(=O)[C@H](Cc1ccccc1)NC(=O)[C@@H]1CCCN1C(=O)[C@@H]1CCCN1C(=O)[C@@H](NC(=O)CNC(=O)CNC(=O)[C@@H](N)Cc1ccc(O)cc1)[C@@H](C)O)C(=O)O
18,EN,umami,NC(=O)C[C@H](NC(=O)[C@@H](N)CCC(=O)O)C(=O)O,NC(=O)C[C@H](NC(=O)[C@@H](N)CCC(=O)O)C(=O)O
19,LPEEV,umami,CC(C)C[C@H](N)C(=O)N1CCC[C@H]1C(=O)N[C@@H](CCC(=O)O)C(=O)N[C@@H](CCC(=O)O)C(=O)N[C@H](C(=O)O)C(C)C,CC(C)C[C@H](N)C(=O)N1CCC[C@H]1C(=O)N[C@@H](CCC(=O)O)C(=O)N[C@@H](CCC(=O)O)C(=O)N[C@H](C(=O)O)C(C)C
20,ASNMSDL,umami,CSCC[C@H](NC(=O)[C@H](CC(N)=O)NC(=O)[C@H](CO)NC(=O)[C@H](C)N)C(=O)N[C@@H](CO)C(=O)N[C@@H](CC(=O)O)C(=O)N[C@@H](CC(C)C)C(=O)O,CSCC[C@H](NC(=O)[C@H](CC(N)=O)NC(=O)[C@H](CO)NC(=O)[C@H](C)N)C(=O)N[C@@H](CO)C(=O)N[C@@H](CC(=O)O)C(=O)N[C@@H](CC(C)C)C(=O)O
21,EINEL,umami,CC[C@H](C)[C@H](NC(=O)[C@@H](N)CCC(=O)O)C(=O)N[C@@H](CC(N)=O)C(=O)N[C@@H](CCC(=O)O)C(=O)N[C@@H](CC(C)C)C(=O)O,CC[C@H](C)[C@H](NC(=O)[C@@H](N)CCC(=O)O)C(=O)N[C@@H](CC(N)=O)C(=O)N[C@@H](CCC(=O)O)C(=O)N[C@@H](CC(C)C)C(=O)O
22,EE,umami,N[C@@H](CCC(=O)O)C(=O)N[C@@H](CCC(=O)O)C(=O)O,N[C@@H](CCC(=O)O)C(=O)N[C@@H](CCC(=O)O)C(=O)O
23,SE,umami,N[C@@H](CO)C(=O)N[C@@H](CCC(=O)O)C(=O)O,N[C@@H](CO)C(=O)N[C@@H](CCC(=O)O)C(=O)O
24,GDG,umami,NCC(=O)N[C@@H](CC(=O)O)C(=O)NCC(=O)O,NCC(=O)N[C@@H](CC(=O)O)C(=O)NCC(=O)O
25,VDV,umami,CC(C)[C@H](N)C(=O)N[C@@H](CC(=O)O)C(=O)N[C@H](C(=O)O)C(C)C,CC(C)[C@H](N)C(=O)N[C@@H](CC(=O)O)C(=O)N[C@H](C(=O)O)C(C)C
26,PVARMCR,umami,CSCC[C@H](NC(=O)[C@H](CCCNC(=N)N)NC(=O)[C@H](C)NC(=O)[C@@H](NC(=O)[C@@H]1CCCN1)C(C)C)C(=O)N[C@@H](CS)C(=O)N[C@@H](CCCNC(=N)N)C(=O)O,CSCC[C@H](NC(=O)[C@H](CCCNC(=N)N)NC(=O)[C@H](C)NC(=O)[C@@H](NC(=O)[C@@H]1CCCN1)C(C)C)C(=O)N[C@@H](CS)C(=O)N[C@@H](CCCNC(=N)N)C(=O)O
27,VTADESQQDVLK,umami,CC(C)C[C@H](NC(=O)[C@@H](NC(=O)[C@H](CC(=O)O)NC(=O)[C@H](CCC(N)=O)NC(=O)[C@H](CCC(N)=O)NC(=O)[C@H](CO)NC(=O)[C@H](CCC(=O)O)NC(=O)[C@H](CC(=O)O)NC(=O)[C@H](C)NC(=O)[C@@H](NC(=O)[C@@H](N)C(C)C)[C@@H](C)O)C(C)C)C(=O)N[C@@H](CCCCN)C(=O)O,CC(C)C[C@H](NC(=O)[C@@H](NC(=O)[C@H](CC(=O)O)NC(=O)[C@H](CCC(N)=O)NC(=O)[C@H](CCC(N)=O)NC(=O)[C@H](CO)NC(=O)[C@H](CCC(=O)O)NC(=O)[C@H](CC(=O)O)NC(=O)[C@H](C)NC(=O)[C@@H](NC(=O)[C@@H](N)C(C)C)[C@@H](C)O)C(C)C)C(=O)N[C@@H](CCCCN)C(=O)O
28,VV,umami,CC(C)[C@H](N)C(=O)N[C@H](C(=O)O)C(C)C,CC(C)[C@H](N)C(=O)N[C@H](C(=O)O)C(C)C
29,DPQ,umami,NC(=O)CC[C@H](NC(=O)[C@@H]1CCCN1C(=O)[C@@H](N)CC(=O)O)C(=O)O,NC(=O)CC[C@H](NC(=O)[C@@H]1CCCN1C(=O)[C@@H](N)CC(=O)O)C(=O)O
30,EQEEL,umami,CC(C)C[C@H](NC(=O)[C@H](CCC(=O)O)NC(=O)[C@H](CCC(=O)O)NC(=O)[C@H](CCC(N)=O)NC(=O)[C@@H](N)CCC(=O)O)C(=O)O,CC(C)C[C@H](NC(=O)[C@H](CCC(=O)O)NC(=O)[C@H](CCC(=O)O)NC(=O)[C@H](CCC(N)=O)NC(=O)[C@@H](N)CCC(=O)O)C(=O)O
31,HCHTN,umami,C[C@@H](O)[C@H](NC(=O)[C@H](Cc1c[nH]cn1)NC(=O)[C@H](CS)NC(=O)[C@@H](N)Cc1c[nH]cn1)C(=O)N[C@@H](CC(N)=O)C(=O)O,C[C@@H](O)[C@H](NC(=O)[C@H](Cc1c[nH]cn1)NC(=O)[C@H](CS)NC(=O)[C@@H](N)Cc1c[nH]cn1)C(=O)N[C@@H](CC(N)=O)C(=O)O
32,VVGET,umami,CC(C)[C@H](N)C(=O)N[C@H](C(=O)NCC(=O)N[C@@H](CCC(=O)O)C(=O)N[C@H](C(=O)O)[C@@H](C)O)C(C)C,CC(C)[C@H](N)C(=O)N[C@H](C(=O)NCC(=O)N[C@@H](CCC(=O)O)C(=O)N[C@H](C(=O)O)[C@@H](C)O)C(C)C
33,NVVGET,umami,CC(C)[C@H](NC(=O)[C@@H](N)CC(N)=O)C(=O)N[C@H](C(=O)NCC(=O)N[C@@H](CCC(=O)O)C(=O)N[C@H](C(=O)O)[C@@H](C)O)C(C)C,CC(C)[C@H](NC(=O)[C@@H](N)CC(N)=O)C(=O)N[C@H](C(=O)NCC(=O)N[C@@H](CCC(=O)O)C(=O)N[C@H](C(=O)O)[C@@H](C)O)C(C)C
34,ENINEL,umami,CC[C@H](C)[C@H](NC(=O)[C@H](CC(N)=O)NC(=O)[C@@H](N)CCC(=O)O)C(=O)N[C@@H](CC(N)=O)C(=O)N[C@@H](CCC(=O)O)C(=O)N[C@@H](CC(C)C)C(=O)O,CC[C@H](C)[C@H](NC(=O)[C@H](CC(N)=O)NC(=O)[C@@H](N)CCC(=O)O)C(=O)N[C@@H](CC(N)=O)C(=O)N[C@@H](CCC(=O)O)C(=O)N[C@@H](CC(C)C)C(=O)O
35,SF,umami,N[C@@H](CO)C(=O)N[C@@H](Cc1ccccc1)C(=O)O,N[C@@H](CO)C(=O)N[C@@H](Cc1ccccc1)C(=O)O
36,LV,umami,CC(C)C[C@H](N)C(=O)N[C@H](C(=O)O)C(C)C,CC(C)C[C@H](N)C(=O)N[C@H](C(=O)O)C(C)C
37,DEE,umami,N[C@@H](CC(=O)O)C(=O)N[C@@H](CCC(=O)O)C(=O)N[C@@H](CCC(=O)O)C(=O)O,N[C@@H](CC(=O)O)C(=O)N[C@@H](CCC(=O)O)C(=O)N[C@@H](CCC(=O)O)C(=O)O
38,EA,umami,C[C@H](NC(=O)[C@@H](N)CCC(=O)O)C(=O)O,C[C@H](NC(=O)[C@@H](N)CCC(=O)O)C(=O)O
39,INEL,umami,CC[C@H](C)[C@H](N)C(=O)N[C@@H](CC(N)=O)C(=O)N[C@@H](CCC(=O)O)C(=O)N[C@@H](CC(C)C)C(=O)O,CC[C@H](C)[C@H](N)C(=O)N[C@@H](CC(N)=O)C(=O)N[C@@H](CCC(=O)O)C(=O)N[C@@H](CC(C)C)C(=O)O
40,SEE,umami,N[C@@H](CO)C(=O)N[C@@H](CCC(=O)O)C(=O)N[C@@H](CCC(=O)O)C(=O)O,N[C@@H](CO)C(=O)N[C@@H](CCC(=O)O)C(=O)N[C@@H](CCC(=O)O)C(=O)O
41,AQALQAQA,umami,CC(C)C[C@H](NC(=O)[C@H](C)NC(=O)[C@H](CCC(N)=O)NC(=O)[C@H](C)N)C(=O)N[C@@H](CCC(N)=O)C(=O)N[C@@H](C)C(=O)N[C@@H](CCC(N)=O)C(=O)N[C@@H](C)C(=O)O,CC(C)C[C@H](NC(=O)[C@H](C)NC(=O)[C@H](CCC(N)=O)NC(=O)[C@H](C)N)C(=O)N[C@@H](CCC(N)=O)C(=O)N[C@@H](C)C(=O)N[C@@H](CCC(N)=O)C(=O)N[C@@H](C)C(=O)O
42,LQPLNAH,umami,CC(C)C[C@H](N)C(=O)N[C@@H](CCC(N)=O)C(=O)N1CCC[C@H]1C(=O)N[C@@H](CC(C)C)C(=O)N[C@@H](CC(N)=O)C(=O)N[C@@H](C)C(=O)N[C@@H](Cc1c[nH]cn1)C(=O)O,CC(C)C[C@H](N)C(=O)N[C@@H](CCC(N)=O)C(=O)N1CCC[C@H]1C(=O)N[C@@H](CC(C)C)C(=O)N[C@@H](CC(N)=O)C(=O)N[C@@H](C)C(=O)N[C@@H](Cc1c[nH]cn1)C(=O)O
43,KGRYER,umami,N=C(N)NCCC[C@H](NC(=O)[C@H](CCC(=O)O)NC(=O)[C@H](Cc1ccc(O)cc1)NC(=O)[C@H](CCCNC(=N)N)NC(=O)CNC(=O)[C@@H](N)CCCCN)C(=O)O,N=C(N)NCCC[C@H](NC(=O)[C@H](CCC(=O)O)NC(=O)[C@H](Cc1ccc(O)cc1)NC(=O)[C@H](CCCNC(=N)N)NC(=O)CNC(=O)[C@@H](N)CCCCN)C(=O)O
44,GLLPDGTPR,umami,CC(C)C[C@H](NC(=O)CN)C(=O)N[C@@H](CC(C)C)C(=O)N1CCC[C@H]1C(=O)N[C@@H](CC(=O)O)C(=O)NCC(=O)N[C@H](C(=O)N1CCC[C@H]1C(=O)N[C@@H](CCCNC(=N)N)C(=O)O)[C@@H](C)O,CC(C)C[C@H](NC(=O)CN)C(=O)N[C@@H](CC(C)C)C(=O)N1CCC[C@H]1C(=O)N[C@@H](CC(=O)O)C(=O)NCC(=O)N[C@H](C(=O)N1CCC[C@H]1C(=O)N[C@@H](CCCNC(=N)N)C(=O)O)[C@@H](C)O
45,DES,umami,N[C@@H](CC(=O)O)C(=O)N[C@@H](CCC(=O)O)C(=O)N[C@@H](CO)C(=O)O,N[C@@H](CC(=O)O)C(=O)N[C@@H](CCC(=O)O)C(=O)N[C@@H](CO)C(=O)O
46,PDKPNT,umami,C[C@@H](O)[C@H](NC(=O)[C@H](CC(N)=O)NC(=O)[C@@H]1CCCN1C(=O)[C@H](CCCCN)NC(=O)[C@H](CC(=O)O)NC(=O)[C@@H]1CCCN1)C(=O)O,C[C@@H](O)[C@H](NC(=O)[C@H](CC(N)=O)NC(=O)[C@@H]1CCCN1C(=O)[C@H](CCCCN)NC(=O)[C@H](CC(=O)O)NC(=O)[C@@H]1CCCN1)C(=O)O
47,EGS,umami,N[C@@H](CCC(=O)O)C(=O)NCC(=O)N[C@@H](CO)C(=O)O,N[C@@H](CCC(=O)O)C(=O)NCC(=O)N[C@@H](CO)C(=O)O
48,EP,umami,N[C@@H](CCC(=O)O)C(=O)N1CCC[C@H]1C(=O)O,N[C@@H](CCC(=O)O)C(=O)N1CCC[C@H]1C(=O)O
49,CCNKSV,umami,CC(C)[C@H](NC(=O)[C@H](CO)NC(=O)[C@H](CCCCN)NC(=O)[C@H](CC(N)=O)NC(=O)[C@H](CS)NC(=O)[C@@H](N)CS)C(=O)O,CC(C)[C@H](NC(=O)[C@H](CO)NC(=O)[C@H](CCCCN)NC(=O)[C@H](CC(N)=O)NC(=O)[C@H](CS)NC(=O)[C@@H](N)CS)C(=O)O
50,LGAGGSLA,umami,CC(C)C[C@H](N)C(=O)NCC(=O)N[C@@H](C)C(=O)NCC(=O)NCC(=O)N[C@@H](CO)C(=O)N[C@@H](CC(C)C)C(=O)N[C@@H](C)C(=O)O,CC(C)C[C@H](N)C(=O)NCC(=O)N[C@@H](C)C(=O)NCC(=O)NCC(=O)N[C@@H](CO)C(=O)N[C@@H](CC(C)C)C(=O)N[C@@H](C)C(=O)O
51,QVAIAHRDAK,umami,CC[C@H](C)[C@H](NC(=O)[C@H](C)NC(=O)[C@@H](NC(=O)[C@@H](N)CCC(N)=O)C(C)C)C(=O)N[C@@H](C)C(=O)N[C@@H](Cc1c[nH]cn1)C(=O)N[C@@H](CCCNC(=N)N)C(=O)N[C@@H](CC(=O)O)C(=O)N[C@@H](C)C(=O)N[C@@H](CCCCN)C(=O)O,CC[C@H](C)[C@H](NC(=O)[C@H](C)NC(=O)[C@@H](NC(=O)[C@@H](N)CCC(N)=O)C(C)C)C(=O)N[C@@H](C)C(=O)N[C@@H](Cc1c[nH]cn1)C(=O)N[C@@H](CCCNC(=N)N)C(=O)N[C@@H](CC(=O)O)C(=O)N[C@@H](C)C(=O)N[C@@H](CCCCN)C(=O)O
52,DQR,umami,N=C(N)NCCC[C@H](NC(=O)[C@H](CCC(N)=O)NC(=O)[C@@H](N)CC(=O)O)C(=O)O,N=C(N)NCCC[C@H](NC(=O)[C@H](CCC(N)=O)NC(=O)[C@@H](N)CC(=O)O)C(=O)O
53,ALPEEV,umami,CC(C)C[C@H](NC(=O)[C@H](C)N)C(=O)N1CCC[C@H]1C(=O)N[C@@H](CCC(=O)O)C(=O)N[C@@H](CCC(=O)O)C(=O)N[C@H](C(=O)O)C(C)C,CC(C)C[C@H](NC(=O)[C@H](C)N)C(=O)N1CCC[C@H]1C(=O)N[C@@H](CCC(=O)O)C(=O)N[C@@H](CCC(=O)O)C(=O)N[C@H](C(=O)O)C(C)C
54,GGY,umami,NCC(=O)NCC(=O)N[C@@H](Cc1ccc(O)cc1)C(=O)O,NCC(=O)NCC(=O)N[C@@H](Cc1ccc(O)cc1)C(=O)O
55,EQQQQ,umami,NC(=O)CC[C@H](NC(=O)[C@H](CCC(N)=O)NC(=O)[C@H](CCC(N)=O)NC(=O)[C@H](CCC(N)=O)NC(=O)[C@@H](N)CCC(=O)O)C(=O)O,NC(=O)CC[C@H](NC(=O)[C@H](CCC(N)=O)NC(=O)[C@H](CCC(N)=O)NC(=O)[C@H](CCC(N)=O)NC(=O)[C@@H](N)CCC(=O)O)C(=O)O
56,VE,umami,CC(C)[C@H](N)C(=O)N[C@@H](CCC(=O)O)C(=O)O,CC(C)[C@H](N)C(=O)N[C@@H](CCC(=O)O)C(=O)O
57,SPE,umami,N[C@@H](CO)C(=O)N1CCC[C@H]1C(=O)N[C@@H](CCC(=O)O)C(=O)O,N[C@@H](CO)C(=O)N1CCC[C@H]1C(=O)N[C@@H](CCC(=O)O)C(=O)O
58,ET,umami,C[C@@H](O)[C@H](NC(=O)[C@@H](N)CCC(=O)O)C(=O)O,C[C@@H](O)[C@H](NC(=O)[C@@H](N)CCC(=O)O)C(=O)O
59,ENE,umami,NC(=O)C[C@H](NC(=O)[C@@H](N)CCC(=O)O)C(=O)N[C@@H](CCC(=O)O)C(=O)O,NC(=O)C[C@H](NC(=O)[C@@H](N)CCC(=O)O)C(=O)N[C@@H](CCC(=O)O)C(=O)O
60,VD,umami,CC(C)[C@H](N)C(=O)N[C@@H](CC(=O)O)C(=O)O,CC(C)[C@H](N)C(=O)N[C@@H](CC(=O)O)C(=O)O
61,PET,umami,C[C@@H](O)[C@H](NC(=O)[C@H](CCC(=O)O)NC(=O)[C@@H]1CCCN1)C(=O)O,C[C@@H](O)[C@H](NC(=O)[C@H](CCC(=O)O)NC(=O)[C@@H]1CCCN1)C(=O)O
62,KGNEESLA,umami,CC(C)C[C@H](NC(=O)[C@H](CO)NC(=O)[C@H](CCC(=O)O)NC(=O)[C@H](CCC(=O)O)NC(=O)[C@H](CC(N)=O)NC(=O)CNC(=O)[C@@H](N)CCCCN)C(=O)N[C@@H](C)C(=O)O,CC(C)C[C@H](NC(=O)[C@H](CO)NC(=O)[C@H](CCC(=O)O)NC(=O)[C@H](CCC(=O)O)NC(=O)[C@H](CC(N)=O)NC(=O)CNC(=O)[C@@H](N)CCCCN)C(=O)N[C@@H](C)C(=O)O
63,EDV,umami,CC(C)[C@H](NC(=O)[C@H](CC(=O)O)NC(=O)[C@@H](N)CCC(=O)O)C(=O)O,CC(C)[C@H](NC(=O)[C@H](CC(=O)O)NC(=O)[C@@H](N)CCC(=O)O)C(=O)O
64,DA,umami,C[C@H](NC(=O)[C@@H](N)CC(=O)O)C(=O)O,C[C@H](NC(=O)[C@@H](N)CC(=O)O)C(=O)O
65,ANPGPVRDLR,umami,CC(C)C[C@H](NC(=O)[C@H](CC(=O)O)NC(=O)[C@H](CCCNC(=N)N)NC(=O)[C@@H](NC(=O)[C@@H]1CCCN1C(=O)CNC(=O)[C@@H]1CCCN1C(=O)[C@H](CC(N)=O)NC(=O)[C@H](C)N)C(C)C)C(=O)N[C@@H](CCCNC(=N)N)C(=O)O,CC(C)C[C@H](NC(=O)[C@H](CC(=O)O)NC(=O)[C@H](CCCNC(=N)N)NC(=O)[C@@H](NC(=O)[C@@H]1CCCN1C(=O)CNC(=O)[C@@H]1CCCN1C(=O)[C@H](CC(N)=O)NC(=O)[C@H](C)N)C(C)C)C(=O)N[C@@H](CCCNC(=N)N)C(=O)O
66,QL,umami,CC(C)C[C@H](NC(=O)[C@@H](N)CCC(N)=O)C(=O)O,CC(C)C[C@H](NC(=O)[C@@H](N)CCC(N)=O)C(=O)O
67,RGENESDEQGAIVT,umami,CC[C@H](C)[C@H](NC(=O)[C@H](C)NC(=O)CNC(=O)[C@H](CCC(N)=O)NC(=O)[C@H](CCC(=O)O)NC(=O)[C@H](CC(=O)O)NC(=O)[C@H](CO)NC(=O)[C@H](CCC(=O)O)NC(=O)[C@H](CC(N)=O)NC(=O)[C@H](CCC(=O)O)NC(=O)CNC(=O)[C@@H](N)CCCNC(=N)N)C(=O)N[C@H](C(=O)N[C@H](C(=O)O)[C@@H](C)O)C(C)C,CC[C@H](C)[C@H](NC(=O)[C@H](C)NC(=O)CNC(=O)[C@H](CCC(N)=O)NC(=O)[C@H](CCC(=O)O)NC(=O)[C@H](CC(=O)O)NC(=O)[C@H](CO)NC(=O)[C@H](CCC(=O)O)NC(=O)[C@H](CC(N)=O)NC(=O)[C@H](CCC(=O)O)NC(=O)CNC(=O)[C@@H](N)CCCNC(=N)N)C(=O)N[C@H](C(=O)N[C@H](C(=O)O)[C@@H](C)O)C(C)C
68,EG,umami,N[C@@H](CCC(=O)O)C(=O)NCC(=O)O,N[C@@H](CCC(=O)O)C(=O)NCC(=O)O
69,AE,umami,C[C@H](N)C(=O)N[C@@H](CCC(=O)O)C(=O)O,C[C@H](N)C(=O)N[C@@H](CCC(=O)O)C(=O)O
70,NNP,umami,NC(=O)C[C@H](N)C(=O)N[C@@H](CC(N)=O)C(=O)N1CCC[C@H]1C(=O)O,NC(=O)C[C@H](N)C(=O)N[C@@H](CC(N)=O)C(=O)N1CCC[C@H]1C(=O)O
71,VRSY,umami,CC(C)[C@H](N)C(=O)N[C@@H](CCCNC(=N)N)C(=O)N[C@@H](CO)C(=O)N[C@@H](Cc1ccc(O)cc1)C(=O)O,CC(C)[C@H](N)C(=O)N[C@@H](CCCNC(=N)N)C(=O)N[C@@H](CO)C(=O)N[C@@H](Cc1ccc(O)cc1)C(=O)O
72,LDL,umami,CC(C)C[C@H](N)C(=O)N[C@@H](CC(=O)O)C(=O)N[C@@H](CC(C)C)C(=O)O,CC(C)C[C@H](N)C(=O)N[C@@H](CC(=O)O)C(=O)N[C@@H](CC(C)C)C(=O)O
73,RPNPFENR,umami,N=C(N)NCCC[C@H](N)C(=O)N1CCC[C@H]1C(=O)N[C@@H](CC(N)=O)C(=O)N1CCC[C@H]1C(=O)N[C@@H](Cc1ccccc1)C(=O)N[C@@H](CCC(=O)O)C(=O)N[C@@H](CC(N)=O)C(=O)N[C@@H](CCCNC(=N)N)C(=O)O,N=C(N)NCCC[C@H](N)C(=O)N1CCC[C@H]1C(=O)N[C@@H](CC(N)=O)C(=O)N1CCC[C@H]1C(=O)N[C@@H](Cc1ccccc1)C(=O)N[C@@H](CCC(=O)O)C(=O)N[C@@H](CC(N)=O)C(=O)N[C@@H](CCCNC(=N)N)C(=O)O
74,NGKET,umami,C[C@@H](O)[C@H](NC(=O)[C@H](CCC(=O)O)NC(=O)[C@H](CCCCN)NC(=O)CNC(=O)[C@@H](N)CC(N)=O)C(=O)O,C[C@@H](O)[C@H](NC(=O)[C@H](CCC(=O)O)NC(=O)[C@H](CCCCN)NC(=O)CNC(=O)[C@@H](N)CC(N)=O)C(=O)O
75,EK,umami,NCCCC[C@H](NC(=O)[C@@H](N)CCC(=O)O)C(=O)O,NCCCC[C@H](NC(=O)[C@@H](N)CCC(=O)O)C(=O)O
76,SSRNEQSR,umami,N=C(N)NCCC[C@H](NC(=O)[C@H](CO)NC(=O)[C@H](CCC(N)=O)NC(=O)[C@H](CCC(=O)O)NC(=O)[C@H](CC(N)=O)NC(=O)[C@H](CCCNC(=N)N)NC(=O)[C@H](CO)NC(=O)[C@@H](N)CO)C(=O)O,N=C(N)NCCC[C@H](NC(=O)[C@H](CO)NC(=O)[C@H](CCC(N)=O)NC(=O)[C@H](CCC(=O)O)NC(=O)[C@H](CC(N)=O)NC(=O)[C@H](CCCNC(=N)N)NC(=O)[C@H](CO)NC(=O)[C@@H](N)CO)C(=O)O
77,EQE,umami,NC(=O)CC[C@H](NC(=O)[C@@H](N)CCC(=O)O)C(=O)N[C@@H](CCC(=O)O)C(=O)O,NC(=O)CC[C@H](NC(=O)[C@@H](N)CCC(=O)O)C(=O)N[C@@H](CCC(=O)O)C(=O)O
78,RGENESEEEGAIVT,umami,CC[C@H](C)[C@H](NC(=O)[C@H](C)NC(=O)CNC(=O)[C@H](CCC(=O)O)NC(=O)[C@H](CCC(=O)O)NC(=O)[C@H](CCC(=O)O)NC(=O)[C@H](CO)NC(=O)[C@H](CCC(=O)O)NC(=O)[C@H](CC(N)=O)NC(=O)[C@H](CCC(=O)O)NC(=O)CNC(=O)[C@@H](N)CCCNC(=N)N)C(=O)N[C@H](C(=O)N[C@H](C(=O)O)[C@@H](C)O)C(C)C,CC[C@H](C)[C@H](NC(=O)[C@H](C)NC(=O)CNC(=O)[C@H](CCC(=O)O)NC(=O)[C@H](CCC(=O)O)NC(=O)[C@H](CCC(=O)O)NC(=O)[C@H](CO)NC(=O)[C@H](CCC(=O)O)NC(=O)[C@H](CC(N)=O)NC(=O)[C@H](CCC(=O)O)NC(=O)CNC(=O)[C@@H](N)CCCNC(=N)N)C(=O)N[C@H](C(=O)N[C@H](C(=O)O)[C@@H](C)O)C(C)C
79,DDD,umami,N[C@@H](CC(=O)O)C(=O)N[C@@H](CC(=O)O)C(=O)N[C@@H](CC(=O)O)C(=O)O,N[C@@H](CC(=O)O)C(=O)N[C@@H](CC(=O)O)C(=O)N[C@@H](CC(=O)O)C(=O)O
80,EGSEAPDGSSR,umami,C[C@H](NC(=O)[C@H](CCC(=O)O)NC(=O)[C@H](CO)NC(=O)CNC(=O)[C@@H](N)CCC(=O)O)C(=O)N1CCC[C@H]1C(=O)N[C@@H](CC(=O)O)C(=O)NCC(=O)N[C@@H](CO)C(=O)N[C@@H](CO)C(=O)N[C@@H](CCCNC(=N)N)C(=O)O,C[C@H](NC(=O)[C@H](CCC(=O)O)NC(=O)[C@H](CO)NC(=O)CNC(=O)[C@@H](N)CCC(=O)O)C(=O)N1CCC[C@H]1C(=O)N[C@@H](CC(=O)O)C(=O)NCC(=O)N[C@@H](CO)C(=O)N[C@@H](CO)C(=O)N[C@@H](CCCNC(=N)N)C(=O)O
81,NRTF,umami,C[C@@H](O)[C@H](NC(=O)[C@H](CCCNC(=N)N)NC(=O)[C@@H](N)CC(N)=O)C(=O)N[C@@H](Cc1ccccc1)C(=O)O,C[C@@H](O)[C@H](NC(=O)[C@H](CCCNC(=N)N)NC(=O)[C@@H](N)CC(N)=O)C(=O)N[C@@H](Cc1ccccc1)C(=O)O
82,PE,umami,O=C(O)CC[C@H](NC(=O)[C@@H]1CCCN1)C(=O)O,O=C(O)CC[C@H](NC(=O)[C@@H]1CCCN1)C(=O)O
83,NY,umami,NC(=O)C[C@H](N)C(=O)N[C@@H](Cc1ccc(O)cc1)C(=O)O,NC(=O)C[C@H](N)C(=O)N[C@@H](Cc1ccc(O)cc1)C(=O)O
84,KGSLADEE,umami,CC(C)C[C@H](NC(=O)[C@H](CO)NC(=O)CNC(=O)[C@@H](N)CCCCN)C(=O)N[C@@H](C)C(=O)N[C@@H](CC(=O)O)C(=O)N[C@@H](CCC(=O)O)C(=O)N[C@@H](CCC(=O)O)C(=O)O,CC(C)C[C@H](NC(=O)[C@H](CO)NC(=O)CNC(=O)[C@@H](N)CCCCN)C(=O)N[C@@H](C)C(=O)N[C@@H](CC(=O)O)C(=O)N[C@@H](CCC(=O)O)C(=O)N[C@@H](CCC(=O)O)C(=O)O
85,VPY,umami,CC(C)[C@H](N)C(=O)N1CCC[C@H]1C(=O)N[C@@H](Cc1ccc(O)cc1)C(=O)O,CC(C)[C@H](N)C(=O)N1CCC[C@H]1C(=O)N[C@@H](Cc1ccc(O)cc1)C(=O)O
86,EL,umami,CC(C)C[C@H](NC(=O)[C@@H](N)CCC(=O)O)C(=O)O,CC(C)C[C@H](NC(=O)[C@@H](N)CCC(=O)O)C(=O)O
87,EY,umami,N[C@@H](CCC(=O)O)C(=O)N[C@@H](Cc1ccc(O)cc1)C(=O)O,N[C@@H](CCC(=O)O)C(=O)N[C@@H](Cc1ccc(O)cc1)C(=O)O
88,RPLGNC,umami,CC(C)C[C@H](NC(=O)[C@@H]1CCCN1C(=O)[C@@H](N)CCCNC(=N)N)C(=O)NCC(=O)N[C@@H](CC(N)=O)C(=O)N[C@@H](CS)C(=O)O,CC(C)C[C@H](NC(=O)[C@@H]1CCCN1C(=O)[C@@H](N)CCCNC(=N)N)C(=O)NCC(=O)N[C@@H](CC(N)=O)C(=O)N[C@@H](CS)C(=O)O
89,VLPTDQNFILR,umami,CC[C@H](C)[C@H](NC(=O)[C@H](Cc1ccccc1)NC(=O)[C@H](CC(N)=O)NC(=O)[C@H](CCC(N)=O)NC(=O)[C@H](CC(=O)O)NC(=O)[C@@H](NC(=O)[C@@H]1CCCN1C(=O)[C@H](CC(C)C)NC(=O)[C@@H](N)C(C)C)[C@@H](C)O)C(=O)N[C@@H](CC(C)C)C(=O)N[C@@H](CCCNC(=N)N)C(=O)O,CC[C@H](C)[C@H](NC(=O)[C@H](Cc1ccccc1)NC(=O)[C@H](CC(N)=O)NC(=O)[C@H](CCC(N)=O)NC(=O)[C@H](CC(=O)O)NC(=O)[C@@H](NC(=O)[C@@H]1CCCN1C(=O)[C@H](CC(C)C)NC(=O)[C@@H](N)C(C)C)[C@@H](C)O)C(=O)N[C@@H](CC(C)C)C(=O)N[C@@H](CCCNC(=N)N)C(=O)O
90,DDE,umami,N[C@@H](CC(=O)O)C(=O)N[C@@H](CC(=O)O)C(=O)N[C@@H](CCC(=O)O)C(=O)O,N[C@@H](CC(=O)O)C(=O)N[C@@H](CC(=O)O)C(=O)N[C@@H](CCC(=O)O)C(=O)O
91,VEV,umami,CC(C)[C@H](N)C(=O)N[C@@H](CCC(=O)O)C(=O)N[C@H](C(=O)O)C(C)C,CC(C)[C@H](N)C(=O)N[C@@H](CCC(=O)O)C(=O)N[C@H](C(=O)O)C(C)C
92,RL,umami,CC(C)C[C@H](NC(=O)[C@@H](N)CCCNC(=N)N)C(=O)O,CC(C)C[C@H](NC(=O)[C@@H](N)CCCNC(=N)N)C(=O)O
93,SLADEEKG,umami,CC(C)C[C@H](NC(=O)[C@@H](N)CO)C(=O)N[C@@H](C)C(=O)N[C@@H](CC(=O)O)C(=O)N[C@@H](CCC(=O)O)C(=O)N[C@@H](CCC(=O)O)C(=O)N[C@@H](CCCCN)C(=O)NCC(=O)O,CC(C)C[C@H](NC(=O)[C@@H](N)CO)C(=O)N[C@@H](C)C(=O)N[C@@H](CC(=O)O)C(=O)N[C@@H](CCC(=O)O)C(=O)N[C@@H](CCC(=O)O)C(=O)N[C@@H](CCCCN)C(=O)NCC(=O)O
94,ADE,umami,C[C@H](N)C(=O)N[C@@H](CC(=O)O)C(=O)N[C@@H](CCC(=O)O)C(=O)O,C[C@H](N)C(=O)N[C@@H](CC(=O)O)C(=O)N[C@@H](CCC(=O)O)C(=O)O
95,KG,umami,NCCCC[C@H](N)C(=O)NCC(=O)O,NCCCC[C@H](N)C(=O)NCC(=O)O
96,EDD,umami,N[C@@H](CCC(=O)O)C(=O)N[C@@H](CC(=O)O)C(=O)N[C@@H](CC(=O)O)C(=O)O,N[C@@H](CCC(=O)O)C(=O)N[C@@H](CC(=O)O)C(=O)N[C@@H](CC(=O)O)C(=O)O
97,ADA,umami,C[C@H](N)C(=O)N[C@@H](CC(=O)O)C(=O)N[C@@H](C)C(=O)O,C[C@H](N)C(=O)N[C@@H](CC(=O)O)C(=O)N[C@@H](C)C(=O)O
98,EDF,umami,N[C@@H](CCC(=O)O)C(=O)N[C@@H](CC(=O)O)C(=O)N[C@@H](Cc1ccccc1)C(=O)O,N[C@@H](CCC(=O)O)C(=O)N[C@@H](CC(=O)O)C(=O)N[C@@H](Cc1ccccc1)C(=O)O
99,TE,umami,C[C@@H](O)[C@H](N)C(=O)N[C@@H](CCC(=O)O)C(=O)O,C[C@@H](O)[C@H](N)C(=O)N[C@@H](CCC(=O)O)C(=O)O
100,QEEL,umami,CC(C)C[C@H](NC(=O)[C@H](CCC(=O)O)NC(=O)[C@H](CCC(=O)O)NC(=O)[C@@H](N)CCC(N)=O)C(=O)O,CC(C)C[C@H](NC(=O)[C@H](CCC(=O)O)NC(=O)[C@H](CCC(=O)O)NC(=O)[C@@H](N)CCC(N)=O)C(=O)O
101,ES,umami,N[C@@H](CCC(=O)O)C(=O)N[C@@H](CO)C(=O)O,N[C@@H](CCC(=O)O)C(=O)N[C@@H](CO)C(=O)O
102,GEG,umami,NCC(=O)N[C@@H](CCC(=O)O)C(=O)NCC(=O)O,NCC(=O)N[C@@H](CCC(=O)O)C(=O)NCC(=O)O
103,PAA,umami,C[C@H](NC(=O)[C@H](C)NC(=O)[C@@H]1CCCN1)C(=O)O,C[C@H](NC(=O)[C@H](C)NC(=O)[C@@H]1CCCN1)C(=O)O
104,EDE,umami,N[C@@H](CCC(=O)O)C(=O)N[C@@H](CC(=O)O)C(=O)N[C@@H](CCC(=O)O)C(=O)O,N[C@@H](CCC(=O)O)C(=O)N[C@@H](CC(=O)O)C(=O)N[C@@H](CCC(=O)O)C(=O)O
105,EEDGK,umami,NCCCC[C@H](NC(=O)CNC(=O)[C@H](CC(=O)O)NC(=O)[C@H](CCC(=O)O)NC(=O)[C@@H](N)CCC(=O)O)C(=O)O,NCCCC[C@H](NC(=O)CNC(=O)[C@H](CC(=O)O)NC(=O)[C@H](CCC(=O)O)NC(=O)[C@@H](N)CCC(=O)O)C(=O)O
106,AD,umami,C[C@H](N)C(=O)N[C@@H](CC(=O)O)C(=O)O,C[C@H](N)C(=O)N[C@@H](CC(=O)O)C(=O)O
107,VDR,umami,CC(C)[C@H](N)C(=O)N[C@@H](CC(=O)O)C(=O)N[C@@H](CCCNC(=N)N)C(=O)O,CC(C)[C@H](N)C(=O)N[C@@H](CC(=O)O)C(=O)N[C@@H](CCCNC(=N)N)C(=O)O
108,DDDD,umami,N[C@@H](CC(=O)O)C(=O)N[C@@H](CC(=O)O)C(=O)N[C@@H](CC(=O)O)C(=O)N[C@@H](CC(=O)O)C(=O)O,N[C@@H](CC(=O)O)C(=O)N[C@@H](CC(=O)O)C(=O)N[C@@H](CC(=O)O)C(=O)N[C@@H](CC(=O)O)C(=O)O
109,GE,umami,NCC(=O)N[C@@H](CCC(=O)O)C(=O)O,NCC(=O)N[C@@H](CCC(=O)O)C(=O)O
110,ED,umami,N[C@@H](CCC(=O)O)C(=O)N[C@@H](CC(=O)O)C(=O)O,N[C@@H](CCC(=O)O)C(=O)N[C@@H](CC(=O)O)C(=O)O
111,TLRRCM,umami,CSCC[C@H](NC(=O)[C@H](CS)NC(=O)[C@H](CCCNC(=N)N)NC(=O)[C@H](CCCNC(=N)N)NC(=O)[C@H](CC(C)C)NC(=O)[C@@H](N)[C@@H](C)O)C(=O)O,CSCC[C@H](NC(=O)[C@H](CS)NC(=O)[C@H](CCCNC(=N)N)NC(=O)[C@H](CCCNC(=N)N)NC(=O)[C@H](CC(C)C)NC(=O)[C@@H](N)[C@@H](C)O)C(=O)O
140,EQPQQNE,non-umami,NC(=O)CC[C@H](NC(=O)[C@H](CCC(N)=O)NC(=O)[C@@H]1CCCN1C(=O)[C@H](CCC(N)=O)NC(=O)[C@@H](N)CCC(=O)O)C(=O)N[C@@H](CC(N)=O)C(=O)N[C@@H](CCC(=O)O)C(=O)O,NC(=O)CC[C@H](NC(=O)[C@H](CCC(N)=O)NC(=O)[C@@H]1CCCN1C(=O)[C@H](CCC(N)=O)NC(=O)[C@@H](N)CCC(=O)O)C(=O)N[C@@H](CC(N)=O)C(=O)N[C@@H](CCC(=O)O)C(=O)O
141,QDKIHPFAQTQSLVYPFPGP,non-umami,CC[C@H](C)[C@H](NC(=O)[C@H](CCCCN)NC(=O)[C@H](CC(=O)O)NC(=O)[C@@H](N)CCC(N)=O)C(=O)N[C@@H](Cc1c[nH]cn1)C(=O)N1CCC[C@H]1C(=O)N[C@@H](Cc1ccccc1)C(=O)N[C@@H](C)C(=O)N[C@@H](CCC(N)=O)C(=O)N[C@H](C(=O)N[C@@H](CCC(N)=O)C(=O)N[C@@H](CO)C(=O)N[C@@H](CC(C)C)C(=O)N[C@H](C(=O)N[C@@H](Cc1ccc(O)cc1)C(=O)N1CCC[C@H]1C(=O)N[C@@H](Cc1ccccc1)C(=O)N1CCC[C@H]1C(=O)NCC(=O)N1CCC[C@H]1C(=O)O)C(C)C)[C@@H](C)O,CC[C@H](C)[C@H](NC(=O)[C@H](CCCCN)NC(=O)[C@H](CC(=O)O)NC(=O)[C@@H](N)CCC(N)=O)C(=O)N[C@@H](Cc1c[nH]cn1)C(=O)N1CCC[C@H]1C(=O)N[C@@H](Cc1ccccc1)C(=O)N[C@@H](C)C(=O)N[C@@H](CCC(N)=O)C(=O)N[C@H](C(=O)N[C@@H](CCC(N)=O)C(=O)N[C@@H](CO)C(=O)N[C@@H](CC(C)C)C(=O)N[C@H](C(=O)N[C@@H](Cc1ccc(O)cc1)C(=O)N1CCC[C@H]1C(=O)N[C@@H](Cc1ccccc1)C(=O)N1CCC[C@H]1C(=O)NCC(=O)N1CCC[C@H]1C(=O)O)C(C)C)[C@@H](C)O
142,GRP,non-umami,N=C(N)NCCC[C@H](NC(=O)CN)C(=O)N1CCC[C@H]1C(=O)O,N=C(N)NCCC[C@H](NC(=O)CN)C(=O)N1CCC[C@H]1C(=O)O
143,FGG,non-umami,N[C@@H](Cc1ccccc1)C(=O)NCC(=O)NCC(=O)O,N[C@@H](Cc1ccccc1)C(=O)NCC(=O)NCC(=O)O
144,LAGNQEEE,non-umami,CC(C)C[C@H](N)C(=O)N[C@@H](C)C(=O)NCC(=O)N[C@@H](CC(N)=O)C(=O)N[C@@H](CCC(N)=O)C(=O)N[C@@H](CCC(=O)O)C(=O)N[C@@H](CCC(=O)O)C(=O)N[C@@H](CCC(=O)O)C(=O)O,CC(C)C[C@H](N)C(=O)N[C@@H](C)C(=O)NCC(=O)N[C@@H](CC(N)=O)C(=O)N[C@@H](CCC(N)=O)C(=O)N[C@@H](CCC(=O)O)C(=O)N[C@@H](CCC(=O)O)C(=O)N[C@@H](CCC(=O)O)C(=O)O
145,APK,non-umami,C[C@H](N)C(=O)N1CCC[C@H]1C(=O)N[C@@H](CCCCN)C(=O)O,C[C@H](N)C(=O)N1CCC[C@H]1C(=O)N[C@@H](CCCCN)C(=O)O
146,KPF,non-umami,NCCCC[C@H](N)C(=O)N1CCC[C@H]1C(=O)N[C@@H](Cc1ccccc1)C(=O)O,NCCCC[C@H](N)C(=O)N1CCC[C@H]1C(=O)N[C@@H](Cc1ccccc1)C(=O)O
147,GGLGG,non-umami,CC(C)C[C@H](NC(=O)CNC(=O)CN)C(=O)NCC(=O)NCC(=O)O,CC(C)C[C@H](NC(=O)CNC(=O)CN)C(=O)NCC(=O)NCC(=O)O
148,PGI,non-umami,CC[C@H](C)[C@H](NC(=O)CNC(=O)[C@@H]1CCCN1)C(=O)O,CC[C@H](C)[C@H](NC(=O)CNC(=O)[C@@H]1CCCN1)C(=O)O
149,AF,non-umami,C[C@H](N)C(=O)N[C@@H](Cc1ccccc1)C(=O)O,C[C@H](N)C(=O)N[C@@H](Cc1ccccc1)C(=O)O
150,YY,non-umami,N[C@@H](Cc1ccc(O)cc1)C(=O)N[C@@H](Cc1ccc(O)cc1)C(=O)O,N[C@@H](Cc1ccc(O)cc1)C(=O)N[C@@H](Cc1ccc(O)cc1)C(=O)O
151,IG,non-umami,CC[C@H](C)[C@H](N)C(=O)NCC(=O)O,CC[C@H](C)[C@H](N)C(=O)NCC(=O)O
152,FGGF,non-umami,N[C@@H](Cc1ccccc1)C(=O)NCC(=O)NCC(=O)N[C@@H](Cc1ccccc1)C(=O)O,N[C@@H](Cc1ccccc1)C(=O)NCC(=O)NCC(=O)N[C@@H](Cc1ccccc1)C(=O)O
153,RPGFF,non-umami,N=C(N)NCCC[C@H](N)C(=O)N1CCC[C@H]1C(=O)NCC(=O)N[C@@H](Cc1ccccc1)C(=O)N[C@@H](Cc1ccccc1)C(=O)O,N=C(N)NCCC[C@H](N)C(=O)N1CCC[C@H]1C(=O)NCC(=O)N[C@@H](Cc1ccccc1)C(=O)N[C@@H](Cc1ccccc1)C(=O)O
154,FGF,non-umami,N[C@@H](Cc1ccccc1)C(=O)NCC(=O)N[C@@H](Cc1ccccc1)C(=O)O,N[C@@H](Cc1ccccc1)C(=O)NCC(=O)N[C@@H](Cc1ccccc1)C(=O)O
155,QSKVLPVPQ,non-umami,CC(C)C[C@H](NC(=O)[C@@H](NC(=O)[C@H](CCCCN)NC(=O)[C@H](CO)NC(=O)[C@@H](N)CCC(N)=O)C(C)C)C(=O)N1CCC[C@H]1C(=O)N[C@H](C(=O)N1CCC[C@H]1C(=O)N[C@@H](CCC(N)=O)C(=O)O)C(C)C,CC(C)C[C@H](NC(=O)[C@@H](NC(=O)[C@H](CCCCN)NC(=O)[C@H](CO)NC(=O)[C@@H](N)CCC(N)=O)C(C)C)C(=O)N1CCC[C@H]1C(=O)N[C@H](C(=O)N1CCC[C@H]1C(=O)N[C@@H](CCC(N)=O)C(=O)O)C(C)C
156,GNPDIEHP,non-umami,CC[C@H](C)[C@H](NC(=O)[C@H](CC(=O)O)NC(=O)[C@@H]1CCCN1C(=O)[C@H](CC(N)=O)NC(=O)CN)C(=O)N[C@@H](CCC(=O)O)C(=O)N[C@@H](Cc1c[nH]cn1)C(=O)N1CCC[C@H]1C(=O)O,CC[C@H](C)[C@H](NC(=O)[C@H](CC(=O)O)NC(=O)[C@@H]1CCCN1C(=O)[C@H](CC(N)=O)NC(=O)CN)C(=O)N[C@@H](CCC(=O)O)C(=O)N[C@@H](Cc1c[nH]cn1)C(=O)N1CCC[C@H]1C(=O)O
157,VYPFPPGIGG,non-umami,CC[C@H](C)[C@H](NC(=O)CNC(=O)[C@@H]1CCCN1C(=O)[C@@H]1CCCN1C(=O)[C@H](Cc1ccccc1)NC(=O)[C@@H]1CCCN1C(=O)[C@H](Cc1ccc(O)cc1)NC(=O)[C@@H](N)C(C)C)C(=O)NCC(=O)NCC(=O)O,CC[C@H](C)[C@H](NC(=O)CNC(=O)[C@@H]1CCCN1C(=O)[C@@H]1CCCN1C(=O)[C@H](Cc1ccccc1)NC(=O)[C@@H]1CCCN1C(=O)[C@H](Cc1ccc(O)cc1)NC(=O)[C@@H](N)C(C)C)C(=O)NCC(=O)NCC(=O)O
158,GF,non-umami,NCC(=O)N[C@@H](Cc1ccccc1)C(=O)O,NCC(=O)N[C@@H](Cc1ccccc1)C(=O)O
159,IV,non-umami,CC[C@H](C)[C@H](N)C(=O)N[C@H](C(=O)O)C(C)C,CC[C@H](C)[C@H](N)C(=O)N[C@H](C(=O)O)C(C)C
160,RG,non-umami,N=C(N)NCCC[C@H](N)C(=O)NCC(=O)O,N=C(N)NCCC[C@H](N)C(=O)NCC(=O)O
161,FLL,non-umami,CC(C)C[C@H](NC(=O)[C@H](CC(C)C)NC(=O)[C@@H](N)Cc1ccccc1)C(=O)O,CC(C)C[C@H](NC(=O)[C@H](CC(C)C)NC(=O)[C@@H](N)Cc1ccccc1)C(=O)O
162,GPPF,non-umami,NCC(=O)N1CCC[C@H]1C(=O)N1CCC[C@H]1C(=O)N[C@@H](Cc1ccccc1)C(=O)O,NCC(=O)N1CCC[C@H]1C(=O)N1CCC[C@H]1C(=O)N[C@@H](Cc1ccccc1)C(=O)O
163,FYPELF,non-umami,CC(C)C[C@H](NC(=O)[C@H](CCC(=O)O)NC(=O)[C@@H]1CCCN1C(=O)[C@H](Cc1ccc(O)cc1)NC(=O)[C@@H](N)Cc1ccccc1)C(=O)N[C@@H](Cc1ccccc1)C(=O)O,CC(C)C[C@H](NC(=O)[C@H](CCC(=O)O)NC(=O)[C@@H]1CCCN1C(=O)[C@H](Cc1ccc(O)cc1)NC(=O)[C@@H](N)Cc1ccccc1)C(=O)N[C@@H](Cc1ccccc1)C(=O)O
164,KLHENIAR,non-umami,CC[C@H](C)[C@H](NC(=O)[C@H](CC(N)=O)NC(=O)[C@H](CCC(=O)O)NC(=O)[C@H](Cc1c[nH]cn1)NC(=O)[C@H](CC(C)C)NC(=O)[C@@H](N)CCCCN)C(=O)N[C@@H](C)C(=O)N[C@@H](CCCNC(=N)N)C(=O)O,CC[C@H](C)[C@H](NC(=O)[C@H](CC(N)=O)NC(=O)[C@H](CCC(=O)O)NC(=O)[C@H](Cc1c[nH]cn1)NC(=O)[C@H](CC(C)C)NC(=O)[C@@H](N)CCCCN)C(=O)N[C@@H](C)C(=O)N[C@@H](CCCNC(=N)N)C(=O)O
165,GPG,non-umami,NCC(=O)N1CCC[C@H]1C(=O)NCC(=O)O,NCC(=O)N1CCC[C@H]1C(=O)NCC(=O)O
166,LA,non-umami,CC(C)C[C@H](N)C(=O)N[C@@H](C)C(=O)O,CC(C)C[C@H](N)C(=O)N[C@@H](C)C(=O)O
167,YYY,non-umami,N[C@@H](Cc1ccc(O)cc1)C(=O)N[C@@H](Cc1ccc(O)cc1)C(=O)N[C@@H](Cc1ccc(O)cc1)C(=O)O,N[C@@H](Cc1ccc(O)cc1)C(=O)N[C@@H](Cc1ccc(O)cc1)C(=O)N[C@@H](Cc1ccc(O)cc1)C(=O)O
168,LGGGG,non-umami,CC(C)C[C@H](N)C(=O)NCC(=O)NCC(=O)NCC(=O)NCC(=O)O,CC(C)C[C@H](N)C(=O)NCC(=O)NCC(=O)NCC(=O)NCC(=O)O
169,GGP,non-umami,NCC(=O)NCC(=O)N1CCC[C@H]1C(=O)O,NCC(=O)NCC(=O)N1CCC[C@H]1C(=O)O
170,YL,non-umami,CC(C)C[C@H](NC(=O)[C@@H](N)Cc1ccc(O)cc1)C(=O)O,CC(C)C[C@H](NC(=O)[C@@H](N)Cc1ccc(O)cc1)C(=O)O
171,QLFGPNVNPWHNP,non-umami,CC(C)C[C@H](NC(=O)[C@@H](N)CCC(N)=O)C(=O)N[C@@H](Cc1ccccc1)C(=O)NCC(=O)N1CCC[C@H]1C(=O)N[C@@H](CC(N)=O)C(=O)N[C@H](C(=O)N[C@@H](CC(N)=O)C(=O)N1CCC[C@H]1C(=O)N[C@@H](Cc1c[nH]c2c1cccc2)C(=O)N[C@@H](Cc1c[nH]cn1)C(=O)N[C@@H](CC(N)=O)C(=O)N1CCC[C@H]1C(=O)O)C(C)C,CC(C)C[C@H](NC(=O)[C@@H](N)CCC(N)=O)C(=O)N[C@@H](Cc1ccccc1)C(=O)NCC(=O)N1CCC[C@H]1C(=O)N[C@@H](CC(N)=O)C(=O)N[C@H](C(=O)N[C@@H](CC(N)=O)C(=O)N1CCC[C@H]1C(=O)N[C@@H](Cc1c[nH]c2c1cccc2)C(=O)N[C@@H](Cc1c[nH]cn1)C(=O)N[C@@H](CC(N)=O)C(=O)N1CCC[C@H]1C(=O)O)C(C)C
172,RGPPFFF,non-umami,N=C(N)NCCC[C@H](N)C(=O)NCC(=O)N1CCC[C@H]1C(=O)N1CCC[C@H]1C(=O)N[C@@H](Cc1ccccc1)C(=O)N[C@@H](Cc1ccccc1)C(=O)N[C@@H](Cc1ccccc1)C(=O)O,N=C(N)NCCC[C@H](N)C(=O)NCC(=O)N1CCC[C@H]1C(=O)N1CCC[C@H]1C(=O)N[C@@H](Cc1ccccc1)C(=O)N[C@@H](Cc1ccccc1)C(=O)N[C@@H](Cc1ccccc1)C(=O)O
173,RGPPF,non-umami,N=C(N)NCCC[C@H](N)C(=O)NCC(=O)N1CCC[C@H]1C(=O)N1CCC[C@H]1C(=O)N[C@@H](Cc1ccccc1)C(=O)O,N=C(N)NCCC[C@H](N)C(=O)NCC(=O)N1CCC[C@H]1C(=O)N1CCC[C@H]1C(=O)N[C@@H](Cc1ccccc1)C(=O)O
174,VIFPPGR,non-umami,CC[C@H](C)[C@H](NC(=O)[C@@H](N)C(C)C)C(=O)N[C@@H](Cc1ccccc1)C(=O)N1CCC[C@H]1C(=O)N1CCC[C@H]1C(=O)NCC(=O)N[C@@H](CCCNC(=N)N)C(=O)O,CC[C@H](C)[C@H](NC(=O)[C@@H](N)C(C)C)C(=O)N[C@@H](Cc1ccccc1)C(=O)N1CCC[C@H]1C(=O)N1CCC[C@H]1C(=O)NCC(=O)N[C@@H](CCCNC(=N)N)C(=O)O
175,PK,non-umami,NCCCC[C@H](NC(=O)[C@@H]1CCCN1)C(=O)O,NCCCC[C@H](NC(=O)[C@@H]1CCCN1)C(=O)O
176,YGG,non-umami,N[C@@H](Cc1ccc(O)cc1)C(=O)NCC(=O)NCC(=O)O,N[C@@H](Cc1ccc(O)cc1)C(=O)NCC(=O)NCC(=O)O
177,VVVPPFLQP,non-umami,CC(C)C[C@H](NC(=O)[C@H](Cc1ccccc1)NC(=O)[C@@H]1CCCN1C(=O)[C@@H]1CCCN1C(=O)[C@@H](NC(=O)[C@@H](NC(=O)[C@@H](N)C(C)C)C(C)C)C(C)C)C(=O)N[C@@H](CCC(N)=O)C(=O)N1CCC[C@H]1C(=O)O,CC(C)C[C@H](NC(=O)[C@H](Cc1ccccc1)NC(=O)[C@@H]1CCCN1C(=O)[C@@H]1CCCN1C(=O)[C@@H](NC(=O)[C@@H](NC(=O)[C@@H](N)C(C)C)C(C)C)C(C)C)C(=O)N[C@@H](CCC(N)=O)C(=O)N1CCC[C@H]1C(=O)O
178,VL,non-umami,CC(C)C[C@H](NC(=O)[C@@H](N)C(C)C)C(=O)O,CC(C)C[C@H](NC(=O)[C@@H](N)C(C)C)C(=O)O
179,YPFPGPIHNS,non-umami,CC[C@H](C)[C@H](NC(=O)[C@@H]1CCCN1C(=O)CNC(=O)[C@@H]1CCCN1C(=O)[C@H](Cc1ccccc1)NC(=O)[C@@H]1CCCN1C(=O)[C@@H](N)Cc1ccc(O)cc1)C(=O)N[C@@H](Cc1c[nH]cn1)C(=O)N[C@@H](CC(N)=O)C(=O)N[C@@H](CO)C(=O)O,CC[C@H](C)[C@H](NC(=O)[C@@H]1CCCN1C(=O)CNC(=O)[C@@H]1CCCN1C(=O)[C@H](Cc1ccccc1)NC(=O)[C@@H]1CCCN1C(=O)[C@@H](N)Cc1ccc(O)cc1)C(=O)N[C@@H](Cc1c[nH]cn1)C(=O)N[C@@H](CC(N)=O)C(=O)N[C@@H](CO)C(=O)O
180,GGRPFF,non-umami,N=C(N)NCCC[C@H](NC(=O)CNC(=O)CN)C(=O)N1CCC[C@H]1C(=O)N[C@@H](Cc1ccccc1)C(=O)N[C@@H](Cc1ccccc1)C(=O)O,N=C(N)NCCC[C@H](NC(=O)CNC(=O)CN)C(=O)N1CCC[C@H]1C(=O)N[C@@H](Cc1ccccc1)C(=O)N[C@@H](Cc1ccccc1)C(=O)O
181,YQEPVLGPVRGPFPI,non-umami,CC[C@H](C)[C@H](NC(=O)[C@@H]1CCCN1C(=O)[C@H](Cc1ccccc1)NC(=O)[C@@H]1CCCN1C(=O)CNC(=O)[C@H](CCCNC(=N)N)NC(=O)[C@@H](NC(=O)[C@@H]1CCCN1C(=O)CNC(=O)[C@H](CC(C)C)NC(=O)[C@@H](NC(=O)[C@@H]1CCCN1C(=O)[C@H](CCC(=O)O)NC(=O)[C@H](CCC(N)=O)NC(=O)[C@@H](N)Cc1ccc(O)cc1)C(C)C)C(C)C)C(=O)O,CC[C@H](C)[C@H](NC(=O)[C@@H]1CCCN1C(=O)[C@H](Cc1ccccc1)NC(=O)[C@@H]1CCCN1C(=O)CNC(=O)[C@H](CCCNC(=N)N)NC(=O)[C@@H](NC(=O)[C@@H]1CCCN1C(=O)CNC(=O)[C@H](CC(C)C)NC(=O)[C@@H](NC(=O)[C@@H]1CCCN1C(=O)[C@H](CCC(=O)O)NC(=O)[C@H](CCC(N)=O)NC(=O)[C@@H](N)Cc1ccc(O)cc1)C(C)C)C(C)C)C(=O)O
182,PFPGPIP,non-umami,CC[C@H](C)[C@H](NC(=O)[C@@H]1CCCN1C(=O)CNC(=O)[C@@H]1CCCN1C(=O)[C@H](Cc1ccccc1)NC(=O)[C@@H]1CCCN1)C(=O)N1CCC[C@H]1C(=O)O,CC[C@H](C)[C@H](NC(=O)[C@@H]1CCCN1C(=O)CNC(=O)[C@@H]1CCCN1C(=O)[C@H](Cc1ccccc1)NC(=O)[C@@H]1CCCN1)C(=O)N1CCC[C@H]1C(=O)O
183,PPF,non-umami,O=C(O)[C@H](Cc1ccccc1)NC(=O)[C@@H]1CCCN1C(=O)[C@@H]1CCCN1,O=C(O)[C@H](Cc1ccccc1)NC(=O)[C@@H]1CCCN1C(=O)[C@@H]1CCCN1
184,AQTQSLVYPFPGPIPNSLPQNIPPLTQ,non-umami,CC[C@H](C)[C@H](NC(=O)[C@@H]1CCCN1C(=O)CNC(=O)[C@@H]1CCCN1C(=O)[C@H](Cc1ccccc1)NC(=O)[C@@H]1CCCN1C(=O)[C@H](Cc1ccc(O)cc1)NC(=O)[C@@H](NC(=O)[C@H](CC(C)C)NC(=O)[C@H](CO)NC(=O)[C@H](CCC(N)=O)NC(=O)[C@@H](NC(=O)[C@H](CCC(N)=O)NC(=O)[C@H](C)N)[C@@H](C)O)C(C)C)C(=O)N1CCC[C@H]1C(=O)N[C@@H](CC(N)=O)C(=O)N[C@@H](CO)C(=O)N[C@@H](CC(C)C)C(=O)N1CCC[C@H]1C(=O)N[C@@H](CCC(N)=O)C(=O)N[C@@H](CC(N)=O)C(=O)N[C@H](C(=O)N1CCC[C@H]1C(=O)N1CCC[C@H]1C(=O)N[C@@H](CC(C)C)C(=O)N[C@H](C(=O)N[C@@H](CCC(N)=O)C(=O)O)[C@@H](C)O)[C@@H](C)CC,CC[C@H](C)[C@H](NC(=O)[C@@H]1CCCN1C(=O)CNC(=O)[C@@H]1CCCN1C(=O)[C@H](Cc1ccccc1)NC(=O)[C@@H]1CCCN1C(=O)[C@H](Cc1ccc(O)cc1)NC(=O)[C@@H](NC(=O)[C@H](CC(C)C)NC(=O)[C@H](CO)NC(=O)[C@H](CCC(N)=O)NC(=O)[C@@H](NC(=O)[C@H](CCC(N)=O)NC(=O)[C@H](C)N)[C@@H](C)O)C(C)C)C(=O)N1CCC[C@H]1C(=O)N[C@@H](CC(N)=O)C(=O)N[C@@H](CO)C(=O)N[C@@H](CC(C)C)C(=O)N1CCC[C@H]1C(=O)N[C@@H](CCC(N)=O)C(=O)N[C@@H](CC(N)=O)C(=O)N[C@H](C(=O)N1CCC[C@H]1C(=O)N1CCC[C@H]1C(=O)N[C@@H](CC(C)C)C(=O)N[C@H](C(=O)N[C@@H](CCC(N)=O)C(=O)O)[C@@H](C)O)[C@@H](C)CC
185,RRPPPFFF,non-umami,N=C(N)NCCC[C@H](N)C(=O)N[C@@H](CCCNC(=N)N)C(=O)N1CCC[C@H]1C(=O)N1CCC[C@H]1C(=O)N1CCC[C@H]1C(=O)N[C@@H](Cc1ccccc1)C(=O)N[C@@H](Cc1ccccc1)C(=O)N[C@@H](Cc1ccccc1)C(=O)O,N=C(N)NCCC[C@H](N)C(=O)N[C@@H](CCCNC(=N)N)C(=O)N1CCC[C@H]1C(=O)N1CCC[C@H]1C(=O)N1CCC[C@H]1C(=O)N[C@@H](Cc1ccccc1)C(=O)N[C@@H](Cc1ccccc1)C(=O)N[C@@H](Cc1ccccc1)C(=O)O
186,RGPGPIIV,non-umami,CC[C@H](C)[C@H](NC(=O)[C@@H](NC(=O)[C@@H]1CCCN1C(=O)CNC(=O)[C@@H]1CCCN1C(=O)CNC(=O)[C@@H](N)CCCNC(=N)N)[C@@H](C)CC)C(=O)N[C@H](C(=O)O)C(C)C,CC[C@H](C)[C@H](NC(=O)[C@@H](NC(=O)[C@@H]1CCCN1C(=O)CNC(=O)[C@@H]1CCCN1C(=O)CNC(=O)[C@@H](N)CCCNC(=N)N)[C@@H](C)CC)C(=O)N[C@H](C(=O)O)C(C)C
187,RGPPFI,non-umami,CC[C@H](C)[C@H](NC(=O)[C@H](Cc1ccccc1)NC(=O)[C@@H]1CCCN1C(=O)[C@@H]1CCCN1C(=O)CNC(=O)[C@@H](N)CCCNC(=N)N)C(=O)O,CC[C@H](C)[C@H](NC(=O)[C@H](Cc1ccccc1)NC(=O)[C@@H]1CCCN1C(=O)[C@@H]1CCCN1C(=O)CNC(=O)[C@@H](N)CCCNC(=N)N)C(=O)O
188,RPF,non-umami,N=C(N)NCCC[C@H](N)C(=O)N1CCC[C@H]1C(=O)N[C@@H](Cc1ccccc1)C(=O)O,N=C(N)NCCC[C@H](N)C(=O)N1CCC[C@H]1C(=O)N[C@@H](Cc1ccccc1)C(=O)O
189,YG,non-umami,N[C@@H](Cc1ccc(O)cc1)C(=O)NCC(=O)O,N[C@@H](Cc1ccc(O)cc1)C(=O)NCC(=O)O
190,ALEPDHR,non-umami,CC(C)C[C@H](NC(=O)[C@H](C)N)C(=O)N[C@@H](CCC(=O)O)C(=O)N1CCC[C@H]1C(=O)N[C@@H](CC(=O)O)C(=O)N[C@@H](Cc1c[nH]cn1)C(=O)N[C@@H](CCCNC(=N)N)C(=O)O,CC(C)C[C@H](NC(=O)[C@H](C)N)C(=O)N[C@@H](CCC(=O)O)C(=O)N1CCC[C@H]1C(=O)N[C@@H](CC(=O)O)C(=O)N[C@@H](Cc1c[nH]cn1)C(=O)N[C@@H](CCCNC(=N)N)C(=O)O
191,VPPFLE,non-umami,CC(C)C[C@H](NC(=O)[C@H](Cc1ccccc1)NC(=O)[C@@H]1CCCN1C(=O)[C@@H]1CCCN1C(=O)[C@@H](N)C(C)C)C(=O)N[C@@H](CCC(=O)O)C(=O)O,CC(C)C[C@H](NC(=O)[C@H](Cc1ccccc1)NC(=O)[C@@H]1CCCN1C(=O)[C@@H]1CCCN1C(=O)[C@@H](N)C(C)C)C(=O)N[C@@H](CCC(=O)O)C(=O)O
192,RPGGFF,non-umami,N=C(N)NCCC[C@H](N)C(=O)N1CCC[C@H]1C(=O)NCC(=O)NCC(=O)N[C@@H](Cc1ccccc1)C(=O)N[C@@H](Cc1ccccc1)C(=O)O,N=C(N)NCCC[C@H](N)C(=O)N1CCC[C@H]1C(=O)NCC(=O)NCC(=O)N[C@@H](Cc1ccccc1)C(=O)N[C@@H](Cc1ccccc1)C(=O)O
193,PGPGPG,non-umami,O=C(O)CNC(=O)[C@@H]1CCCN1C(=O)CNC(=O)[C@@H]1CCCN1C(=O)CNC(=O)[C@@H]1CCCN1,O=C(O)CNC(=O)[C@@H]1CCCN1C(=O)CNC(=O)[C@@H]1CCCN1C(=O)CNC(=O)[C@@H]1CCCN1
194,GGF,non-umami,NCC(=O)NCC(=O)N[C@@H](Cc1ccccc1)C(=O)O,NCC(=O)NCC(=O)N[C@@H](Cc1ccccc1)C(=O)O
195,VIPFPGR,non-umami,CC[C@H](C)[C@H](NC(=O)[C@@H](N)C(C)C)C(=O)N1CCC[C@H]1C(=O)N[C@@H](Cc1ccccc1)C(=O)N1CCC[C@H]1C(=O)NCC(=O)N[C@@H](CCCNC(=N)N)C(=O)O,CC[C@H](C)[C@H](NC(=O)[C@@H](N)C(C)C)C(=O)N1CCC[C@H]1C(=O)N[C@@H](Cc1ccccc1)C(=O)N1CCC[C@H]1C(=O)NCC(=O)N[C@@H](CCCNC(=N)N)C(=O)O
196,LGL,non-umami,CC(C)C[C@H](N)C(=O)NCC(=O)N[C@@H](CC(C)C)C(=O)O,CC(C)C[C@H](N)C(=O)NCC(=O)N[C@@H](CC(C)C)C(=O)O
197,RPFG,non-umami,N=C(N)NCCC[C@H](N)C(=O)N1CCC[C@H]1C(=O)N[C@@H](Cc1ccccc1)C(=O)NCC(=O)O,N=C(N)NCCC[C@H](N)C(=O)N1CCC[C@H]1C(=O)N[C@@H](Cc1ccccc1)C(=O)NCC(=O)O
198,LL,non-umami,CC(C)C[C@H](N)C(=O)N[C@@H](CC(C)C)C(=O)O,CC(C)C[C@H](N)C(=O)N[C@@H](CC(C)C)C(=O)O
199,FF,non-umami,N[C@@H](Cc1ccccc1)C(=O)N[C@@H](Cc1ccccc1)C(=O)O,N[C@@H](Cc1ccccc1)C(=O)N[C@@H](Cc1ccccc1)C(=O)O
200,RP,non-umami,N=C(N)NCCC[C@H](N)C(=O)N1CCC[C@H]1C(=O)O,N=C(N)NCCC[C@H](N)C(=O)N1CCC[C@H]1C(=O)O
201,QLFGPNVNPWHNP,non-umami,CC(C)C[C@H](NC(=O)[C@@H](N)CCC(N)=O)C(=O)N[C@@H](Cc1ccccc1)C(=O)NCC(=O)N1CCC[C@H]1C(=O)N[C@@H](CC(N)=O)C(=O)N[C@H](C(=O)N[C@@H](CC(N)=O)C(=O)N1CCC[C@H]1C(=O)N[C@@H](Cc1c[nH]c2c1cccc2)C(=O)N[C@@H](Cc1c[nH]cn1)C(=O)N[C@@H](CC(N)=O)C(=O)N1CCC[C@H]1C(=O)O)C(C)C,CC(C)C[C@H](NC(=O)[C@@H](N)CCC(N)=O)C(=O)N[C@@H](Cc1ccccc1)C(=O)NCC(=O)N1CCC[C@H]1C(=O)N[C@@H](CC(N)=O)C(=O)N[C@H](C(=O)N[C@@H](CC(N)=O)C(=O)N1CCC[C@H]1C(=O)N[C@@H](Cc1c[nH]c2c1cccc2)C(=O)N[C@@H](Cc1c[nH]cn1)C(=O)N[C@@H](CC(N)=O)C(=O)N1CCC[C@H]1C(=O)O)C(C)C
202,KPK,non-umami,NCCCC[C@H](N)C(=O)N1CCC[C@H]1C(=O)N[C@@H](CCCCN)C(=O)O,NCCCC[C@H](N)C(=O)N1CCC[C@H]1C(=O)N[C@@H](CCCCN)C(=O)O
203,RGPPGFF,non-umami,N=C(N)NCCC[C@H](N)C(=O)NCC(=O)N1CCC[C@H]1C(=O)N1CCC[C@H]1C(=O)NCC(=O)N[C@@H](Cc1ccccc1)C(=O)N[C@@H](Cc1ccccc1)C(=O)O,N=C(N)NCCC[C@H](N)C(=O)NCC(=O)N1CCC[C@H]1C(=O)N1CCC[C@H]1C(=O)NCC(=O)N[C@@H](Cc1ccccc1)C(=O)N[C@@H](Cc1ccccc1)C(=O)O
204,AV,non-umami,CC(C)[C@H](NC(=O)[C@H](C)N)C(=O)O,CC(C)[C@H](NC(=O)[C@H](C)N)C(=O)O
205,PVLGPVRGPFPIIV,non-umami,CC[C@H](C)[C@H](NC(=O)[C@@H](NC(=O)[C@@H]1CCCN1C(=O)[C@H](Cc1ccccc1)NC(=O)[C@@H]1CCCN1C(=O)CNC(=O)[C@H](CCCNC(=N)N)NC(=O)[C@@H](NC(=O)[C@@H]1CCCN1C(=O)CNC(=O)[C@H](CC(C)C)NC(=O)[C@@H](NC(=O)[C@@H]1CCCN1)C(C)C)C(C)C)[C@@H](C)CC)C(=O)N[C@H](C(=O)O)C(C)C,CC[C@H](C)[C@H](NC(=O)[C@@H](NC(=O)[C@@H]1CCCN1C(=O)[C@H](Cc1ccccc1)NC(=O)[C@@H]1CCCN1C(=O)CNC(=O)[C@H](CCCNC(=N)N)NC(=O)[C@@H](NC(=O)[C@@H]1CCCN1C(=O)CNC(=O)[C@H](CC(C)C)NC(=O)[C@@H](NC(=O)[C@@H]1CCCN1)C(C)C)C(C)C)[C@@H](C)CC)C(=O)N[C@H](C(=O)O)C(C)C
206,VYPFPPGI,non-umami,CC[C@H](C)[C@H](NC(=O)CNC(=O)[C@@H]1CCCN1C(=O)[C@@H]1CCCN1C(=O)[C@H](Cc1ccccc1)NC(=O)[C@@H]1CCCN1C(=O)[C@H](Cc1ccc(O)cc1)NC(=O)[C@@H](N)C(C)C)C(=O)O,CC[C@H](C)[C@H](NC(=O)CNC(=O)[C@@H]1CCCN1C(=O)[C@@H]1CCCN1C(=O)[C@H](Cc1ccccc1)NC(=O)[C@@H]1CCCN1C(=O)[C@H](Cc1ccc(O)cc1)NC(=O)[C@@H](N)C(C)C)C(=O)O
207,YQEPVLGPVRGPFPIIV,non-umami,CC[C@H](C)[C@H](NC(=O)[C@@H](NC(=O)[C@@H]1CCCN1C(=O)[C@H](Cc1ccccc1)NC(=O)[C@@H]1CCCN1C(=O)CNC(=O)[C@H](CCCNC(=N)N)NC(=O)[C@@H](NC(=O)[C@@H]1CCCN1C(=O)CNC(=O)[C@H](CC(C)C)NC(=O)[C@@H](NC(=O)[C@@H]1CCCN1C(=O)[C@H](CCC(=O)O)NC(=O)[C@H](CCC(N)=O)NC(=O)[C@@H](N)Cc1ccc(O)cc1)C(C)C)C(C)C)[C@@H](C)CC)C(=O)N[C@H](C(=O)O)C(C)C,CC[C@H](C)[C@H](NC(=O)[C@@H](NC(=O)[C@@H]1CCCN1C(=O)[C@H](Cc1ccccc1)NC(=O)[C@@H]1CCCN1C(=O)CNC(=O)[C@H](CCCNC(=N)N)NC(=O)[C@@H](NC(=O)[C@@H]1CCCN1C(=O)CNC(=O)[C@H](CC(C)C)NC(=O)[C@@H](NC(=O)[C@@H]1CCCN1C(=O)[C@H](CCC(=O)O)NC(=O)[C@H](CCC(N)=O)NC(=O)[C@@H](N)Cc1ccc(O)cc1)C(C)C)C(C)C)[C@@H](C)CC)C(=O)N[C@H](C(=O)O)C(C)C
208,RGPPGGFF,non-umami,N=C(N)NCCC[C@H](N)C(=O)NCC(=O)N1CCC[C@H]1C(=O)N1CCC[C@H]1C(=O)NCC(=O)NCC(=O)N[C@@H](Cc1ccccc1)C(=O)N[C@@H](Cc1ccccc1)C(=O)O,N=C(N)NCCC[C@H](N)C(=O)NCC(=O)N1CCC[C@H]1C(=O)N1CCC[C@H]1C(=O)NCC(=O)NCC(=O)N[C@@H](Cc1ccccc1)C(=O)N[C@@H](Cc1ccccc1)C(=O)O
209,RGPEPIIV,non-umami,CC[C@H](C)[C@H](NC(=O)[C@@H](NC(=O)[C@@H]1CCCN1C(=O)[C@H](CCC(=O)O)NC(=O)[C@@H]1CCCN1C(=O)CNC(=O)[C@@H](N)CCCNC(=N)N)[C@@H](C)CC)C(=O)N[C@H](C(=O)O)C(C)C,CC[C@H](C)[C@H](NC(=O)[C@@H](NC(=O)[C@@H]1CCCN1C(=O)[C@H](CCC(=O)O)NC(=O)[C@@H]1CCCN1C(=O)CNC(=O)[C@@H](N)CCCNC(=N)N)[C@@H](C)CC)C(=O)N[C@H](C(=O)O)C(C)C
210,RGPPFIIV,non-umami,CC[C@H](C)[C@H](NC(=O)[C@H](Cc1ccccc1)NC(=O)[C@@H]1CCCN1C(=O)[C@@H]1CCCN1C(=O)CNC(=O)[C@@H](N)CCCNC(=N)N)C(=O)N[C@H](C(=O)N[C@H](C(=O)O)C(C)C)[C@@H](C)CC,CC[C@H](C)[C@H](NC(=O)[C@H](Cc1ccccc1)NC(=O)[C@@H]1CCCN1C(=O)[C@@H]1CCCN1C(=O)CNC(=O)[C@@H](N)CCCNC(=N)N)C(=O)N[C@H](C(=O)N[C@H](C(=O)O)C(C)C)[C@@H](C)CC
211,QPVLGPVRGPFPIIV,non-umami,CC[C@H](C)[C@H](NC(=O)[C@@H](NC(=O)[C@@H]1CCCN1C(=O)[C@H](Cc1ccccc1)NC(=O)[C@@H]1CCCN1C(=O)CNC(=O)[C@H](CCCNC(=N)N)NC(=O)[C@@H](NC(=O)[C@@H]1CCCN1C(=O)CNC(=O)[C@H](CC(C)C)NC(=O)[C@@H](NC(=O)[C@@H]1CCCN1C(=O)[C@@H](N)CCC(N)=O)C(C)C)C(C)C)[C@@H](C)CC)C(=O)N[C@H](C(=O)O)C(C)C,CC[C@H](C)[C@H](NC(=O)[C@@H](NC(=O)[C@@H]1CCCN1C(=O)[C@H](Cc1ccccc1)NC(=O)[C@@H]1CCCN1C(=O)CNC(=O)[C@H](CCCNC(=N)N)NC(=O)[C@@H](NC(=O)[C@@H]1CCCN1C(=O)CNC(=O)[C@H](CC(C)C)NC(=O)[C@@H](NC(=O)[C@@H]1CCCN1C(=O)[C@@H](N)CCC(N)=O)C(C)C)C(C)C)[C@@H](C)CC)C(=O)N[C@H](C(=O)O)C(C)C
212,GY,non-umami,NCC(=O)N[C@@H](Cc1ccc(O)cc1)C(=O)O,NCC(=O)N[C@@H](Cc1ccc(O)cc1)C(=O)O
213,VIF,non-umami,CC[C@H](C)[C@H](NC(=O)[C@@H](N)C(C)C)C(=O)N[C@@H](Cc1ccccc1)C(=O)O,CC[C@H](C)[C@H](NC(=O)[C@@H](N)C(C)C)C(=O)N[C@@H](Cc1ccccc1)C(=O)O
214,DY,non-umami,N[C@@H](CC(=O)O)C(=O)N[C@@H](Cc1ccc(O)cc1)C(=O)O,N[C@@H](CC(=O)O)C(=O)N[C@@H](Cc1ccc(O)cc1)C(=O)O
215,VYPFPPGINH,non-umami,CC[C@H](C)[C@H](NC(=O)CNC(=O)[C@@H]1CCCN1C(=O)[C@@H]1CCCN1C(=O)[C@H](Cc1ccccc1)NC(=O)[C@@H]1CCCN1C(=O)[C@H](Cc1ccc(O)cc1)NC(=O)[C@@H](N)C(C)C)C(=O)N[C@@H](CC(N)=O)C(=O)N[C@@H](Cc1c[nH]cn1)C(=O)O,CC[C@H](C)[C@H](NC(=O)CNC(=O)[C@@H]1CCCN1C(=O)[C@@H]1CCCN1C(=O)[C@H](Cc1ccccc1)NC(=O)[C@@H]1CCCN1C(=O)[C@H](Cc1ccc(O)cc1)NC(=O)[C@@H](N)C(C)C)C(=O)N[C@@H](CC(N)=O)C(=O)N[C@@H](Cc1c[nH]cn1)C(=O)O
216,RPKHPIKHQ,non-umami,CC[C@H](C)[C@H](NC(=O)[C@@H]1CCCN1C(=O)[C@H](Cc1c[nH]cn1)NC(=O)[C@H](CCCCN)NC(=O)[C@@H]1CCCN1C(=O)[C@@H](N)CCCNC(=N)N)C(=O)N[C@@H](CCCCN)C(=O)N[C@@H](Cc1c[nH]cn1)C(=O)N[C@@H](CCC(N)=O)C(=O)O,CC[C@H](C)[C@H](NC(=O)[C@@H]1CCCN1C(=O)[C@H](Cc1c[nH]cn1)NC(=O)[C@H](CCCCN)NC(=O)[C@@H]1CCCN1C(=O)[C@@H](N)CCCNC(=N)N)C(=O)N[C@@H](CCCCN)C(=O)N[C@@H](Cc1c[nH]cn1)C(=O)N[C@@H](CCC(N)=O)C(=O)O
217,EPAD,non-umami,C[C@H](NC(=O)[C@@H]1CCCN1C(=O)[C@@H](N)CCC(=O)O)C(=O)N[C@@H](CC(=O)O)C(=O)O,C[C@H](NC(=O)[C@@H]1CCCN1C(=O)[C@@H](N)CCC(=O)O)C(=O)N[C@@H](CC(=O)O)C(=O)O
218,FG,non-umami,N[C@@H](Cc1ccccc1)C(=O)NCC(=O)O,N[C@@H](Cc1ccccc1)C(=O)NCC(=O)O
219,SL,non-umami,CC(C)C[C@H](NC(=O)[C@@H](N)CO)C(=O)O,CC(C)C[C@H](NC(=O)[C@@H](N)CO)C(=O)O
220,MPFPKYPVEPF,non-umami,CSCC[C@H](N)C(=O)N1CCC[C@H]1C(=O)N[C@@H](Cc1ccccc1)C(=O)N1CCC[C@H]1C(=O)N[C@@H](CCCCN)C(=O)N[C@@H](Cc1ccc(O)cc1)C(=O)N1CCC[C@H]1C(=O)N[C@H](C(=O)N[C@@H](CCC(=O)O)C(=O)N1CCC[C@H]1C(=O)N[C@@H](Cc1ccccc1)C(=O)O)C(C)C,CSCC[C@H](N)C(=O)N1CCC[C@H]1C(=O)N[C@@H](Cc1ccccc1)C(=O)N1CCC[C@H]1C(=O)N[C@@H](CCCCN)C(=O)N[C@@H](Cc1ccc(O)cc1)C(=O)N1CCC[C@H]1C(=O)N[C@H](C(=O)N[C@@H](CCC(=O)O)C(=O)N1CCC[C@H]1C(=O)N[C@@H](Cc1ccccc1)C(=O)O)C(C)C
221,QLFNPSTNPWHSP,non-umami,CC(C)C[C@H](NC(=O)[C@@H](N)CCC(N)=O)C(=O)N[C@@H](Cc1ccccc1)C(=O)N[C@@H](CC(N)=O)C(=O)N1CCC[C@H]1C(=O)N[C@@H](CO)C(=O)N[C@H](C(=O)N[C@@H](CC(N)=O)C(=O)N1CCC[C@H]1C(=O)N[C@@H](Cc1c[nH]c2c1cccc2)C(=O)N[C@@H](Cc1c[nH]cn1)C(=O)N[C@@H](CO)C(=O)N1CCC[C@H]1C(=O)O)[C@@H](C)O,CC(C)C[C@H](NC(=O)[C@@H](N)CCC(N)=O)C(=O)N[C@@H](Cc1ccccc1)C(=O)N[C@@H](CC(N)=O)C(=O)N1CCC[C@H]1C(=O)N[C@@H](CO)C(=O)N[C@H](C(=O)N[C@@H](CC(N)=O)C(=O)N1CCC[C@H]1C(=O)N[C@@H](Cc1c[nH]c2c1cccc2)C(=O)N[C@@H](Cc1c[nH]cn1)C(=O)N[C@@H](CO)C(=O)N1CCC[C@H]1C(=O)O)[C@@H](C)O
222,GPVRGPFPIIV,non-umami,CC[C@H](C)[C@H](NC(=O)[C@@H](NC(=O)[C@@H]1CCCN1C(=O)[C@H](Cc1ccccc1)NC(=O)[C@@H]1CCCN1C(=O)CNC(=O)[C@H](CCCNC(=N)N)NC(=O)[C@@H](NC(=O)[C@@H]1CCCN1C(=O)CN)C(C)C)[C@@H](C)CC)C(=O)N[C@H](C(=O)O)C(C)C,CC[C@H](C)[C@H](NC(=O)[C@@H](NC(=O)[C@@H]1CCCN1C(=O)[C@H](Cc1ccccc1)NC(=O)[C@@H]1CCCN1C(=O)CNC(=O)[C@H](CCCNC(=N)N)NC(=O)[C@@H](NC(=O)[C@@H]1CCCN1C(=O)CN)C(C)C)[C@@H](C)CC)C(=O)N[C@H](C(=O)O)C(C)C
223,YQQPVLGPVRGPFPI,non-umami,CC[C@H](C)[C@H](NC(=O)[C@@H]1CCCN1C(=O)[C@H](Cc1ccccc1)NC(=O)[C@@H]1CCCN1C(=O)CNC(=O)[C@H](CCCNC(=N)N)NC(=O)[C@@H](NC(=O)[C@@H]1CCCN1C(=O)CNC(=O)[C@H](CC(C)C)NC(=O)[C@@H](NC(=O)[C@@H]1CCCN1C(=O)[C@H](CCC(N)=O)NC(=O)[C@H](CCC(N)=O)NC(=O)[C@@H](N)Cc1ccc(O)cc1)C(C)C)C(C)C)C(=O)O,CC[C@H](C)[C@H](NC(=O)[C@@H]1CCCN1C(=O)[C@H](Cc1ccccc1)NC(=O)[C@@H]1CCCN1C(=O)CNC(=O)[C@H](CCCNC(=N)N)NC(=O)[C@@H](NC(=O)[C@@H]1CCCN1C(=O)CNC(=O)[C@H](CC(C)C)NC(=O)[C@@H](NC(=O)[C@@H]1CCCN1C(=O)[C@H](CCC(N)=O)NC(=O)[C@H](CCC(N)=O)NC(=O)[C@@H](N)Cc1ccc(O)cc1)C(C)C)C(C)C)C(=O)O
224,RRPPGF,non-umami,N=C(N)NCCC[C@H](N)C(=O)N[C@@H](CCCNC(=N)N)C(=O)N1CCC[C@H]1C(=O)N1CCC[C@H]1C(=O)NCC(=O)N[C@@H](Cc1ccccc1)C(=O)O,N=C(N)NCCC[C@H](N)C(=O)N[C@@H](CCCNC(=N)N)C(=O)N1CCC[C@H]1C(=O)N1CCC[C@H]1C(=O)NCC(=O)N[C@@H](Cc1ccccc1)C(=O)O
225,YQQPVLGPVRGPFPII,non-umami,CC[C@H](C)[C@H](NC(=O)[C@@H](NC(=O)[C@@H]1CCCN1C(=O)[C@H](Cc1ccccc1)NC(=O)[C@@H]1CCCN1C(=O)CNC(=O)[C@H](CCCNC(=N)N)NC(=O)[C@@H](NC(=O)[C@@H]1CCCN1C(=O)CNC(=O)[C@H](CC(C)C)NC(=O)[C@@H](NC(=O)[C@@H]1CCCN1C(=O)[C@H](CCC(N)=O)NC(=O)[C@H](CCC(N)=O)NC(=O)[C@@H](N)Cc1ccc(O)cc1)C(C)C)C(C)C)[C@@H](C)CC)C(=O)O,CC[C@H](C)[C@H](NC(=O)[C@@H](NC(=O)[C@@H]1CCCN1C(=O)[C@H](Cc1ccccc1)NC(=O)[C@@H]1CCCN1C(=O)CNC(=O)[C@H](CCCNC(=N)N)NC(=O)[C@@H](NC(=O)[C@@H]1CCCN1C(=O)CNC(=O)[C@H](CC(C)C)NC(=O)[C@@H](NC(=O)[C@@H]1CCCN1C(=O)[C@H](CCC(N)=O)NC(=O)[C@H](CCC(N)=O)NC(=O)[C@@H](N)Cc1ccc(O)cc1)C(C)C)C(C)C)[C@@H](C)CC)C(=O)O
226,RGFF,non-umami,N=C(N)NCCC[C@H](N)C(=O)NCC(=O)N[C@@H](Cc1ccccc1)C(=O)N[C@@H](Cc1ccccc1)C(=O)O,N=C(N)NCCC[C@H](N)C(=O)NCC(=O)N[C@@H](Cc1ccccc1)C(=O)N[C@@H](Cc1ccccc1)C(=O)O
227,VVVPPFL,non-umami,CC(C)C[C@H](NC(=O)[C@H](Cc1ccccc1)NC(=O)[C@@H]1CCCN1C(=O)[C@@H]1CCCN1C(=O)[C@@H](NC(=O)[C@@H](NC(=O)[C@@H](N)C(C)C)C(C)C)C(C)C)C(=O)O,CC(C)C[C@H](NC(=O)[C@H](Cc1ccccc1)NC(=O)[C@@H]1CCCN1C(=O)[C@@H]1CCCN1C(=O)[C@@H](NC(=O)[C@@H](NC(=O)[C@@H](N)C(C)C)C(C)C)C(C)C)C(=O)O
228,YPFPGPI,non-umami,CC[C@H](C)[C@H](NC(=O)[C@@H]1CCCN1C(=O)CNC(=O)[C@@H]1CCCN1C(=O)[C@H](Cc1ccccc1)NC(=O)[C@@H]1CCCN1C(=O)[C@@H](N)Cc1ccc(O)cc1)C(=O)O,CC[C@H](C)[C@H](NC(=O)[C@@H]1CCCN1C(=O)CNC(=O)[C@@H]1CCCN1C(=O)[C@H](Cc1ccccc1)NC(=O)[C@@H]1CCCN1C(=O)[C@@H](N)Cc1ccc(O)cc1)C(=O)O
229,KAVPYPPQ,non-umami,CC(C)[C@H](NC(=O)[C@H](C)NC(=O)[C@@H](N)CCCCN)C(=O)N1CCC[C@H]1C(=O)N[C@@H](Cc1ccc(O)cc1)C(=O)N1CCC[C@H]1C(=O)N1CCC[C@H]1C(=O)N[C@@H](CCC(N)=O)C(=O)O,CC(C)[C@H](NC(=O)[C@H](C)NC(=O)[C@@H](N)CCCCN)C(=O)N1CCC[C@H]1C(=O)N[C@@H](Cc1ccc(O)cc1)C(=O)N1CCC[C@H]1C(=O)N1CCC[C@H]1C(=O)N[C@@H](CCC(N)=O)C(=O)O
230,VPLGTQYTDAPSF,non-umami,CC(C)C[C@H](NC(=O)[C@@H]1CCCN1C(=O)[C@@H](N)C(C)C)C(=O)NCC(=O)N[C@H](C(=O)N[C@@H](CCC(N)=O)C(=O)N[C@@H](Cc1ccc(O)cc1)C(=O)N[C@H](C(=O)N[C@@H](CC(=O)O)C(=O)N[C@@H](C)C(=O)N1CCC[C@H]1C(=O)N[C@@H](CO)C(=O)N[C@@H](Cc1ccccc1)C(=O)O)[C@@H](C)O)[C@@H](C)O,CC(C)C[C@H](NC(=O)[C@@H]1CCCN1C(=O)[C@@H](N)C(C)C)C(=O)NCC(=O)N[C@H](C(=O)N[C@@H](CCC(N)=O)C(=O)N[C@@H](Cc1ccc(O)cc1)C(=O)N[C@H](C(=O)N[C@@H](CC(=O)O)C(=O)N[C@@H](C)C(=O)N1CCC[C@H]1C(=O)N[C@@H](CO)C(=O)N[C@@H](Cc1ccccc1)C(=O)O)[C@@H](C)O)[C@@H](C)O
231,QLFNPSTNP,non-umami,CC(C)C[C@H](NC(=O)[C@@H](N)CCC(N)=O)C(=O)N[C@@H](Cc1ccccc1)C(=O)N[C@@H](CC(N)=O)C(=O)N1CCC[C@H]1C(=O)N[C@@H](CO)C(=O)N[C@H](C(=O)N[C@@H](CC(N)=O)C(=O)N1CCC[C@H]1C(=O)O)[C@@H](C)O,CC(C)C[C@H](NC(=O)[C@@H](N)CCC(N)=O)C(=O)N[C@@H](Cc1ccccc1)C(=O)N[C@@H](CC(N)=O)C(=O)N1CCC[C@H]1C(=O)N[C@@H](CO)C(=O)N[C@H](C(=O)N[C@@H](CC(N)=O)C(=O)N1CCC[C@H]1C(=O)O)[C@@H](C)O
232,APFPEVFG,non-umami,CC(C)[C@H](NC(=O)[C@H](CCC(=O)O)NC(=O)[C@@H]1CCCN1C(=O)[C@H](Cc1ccccc1)NC(=O)[C@@H]1CCCN1C(=O)[C@H](C)N)C(=O)N[C@@H](Cc1ccccc1)C(=O)NCC(=O)O,CC(C)[C@H](NC(=O)[C@H](CCC(=O)O)NC(=O)[C@@H]1CCCN1C(=O)[C@H](Cc1ccccc1)NC(=O)[C@@H]1CCCN1C(=O)[C@H](C)N)C(=O)N[C@@H](Cc1ccccc1)C(=O)NCC(=O)O
233,PL,non-umami,CC(C)C[C@H](NC(=O)[C@@H]1CCCN1)C(=O)O,CC(C)C[C@H](NC(=O)[C@@H]1CCCN1)C(=O)O
234,LF,non-umami,CC(C)C[C@H](N)C(=O)N[C@@H](Cc1ccccc1)C(=O)O,CC(C)C[C@H](N)C(=O)N[C@@H](Cc1ccccc1)C(=O)O
235,QNDKIHPFAQTQSLVYPFGPIP,non-umami,CC[C@H](C)[C@H](NC(=O)[C@H](CCCCN)NC(=O)[C@H](CC(=O)O)NC(=O)[C@H](CC(N)=O)NC(=O)[C@@H](N)CCC(N)=O)C(=O)N[C@@H](Cc1c[nH]cn1)C(=O)N1CCC[C@H]1C(=O)N[C@@H](Cc1ccccc1)C(=O)N[C@@H](C)C(=O)N[C@@H](CCC(N)=O)C(=O)N[C@H](C(=O)N[C@@H](CCC(N)=O)C(=O)N[C@@H](CO)C(=O)N[C@@H](CC(C)C)C(=O)N[C@H](C(=O)N[C@@H](Cc1ccc(O)cc1)C(=O)N1CCC[C@H]1C(=O)N[C@@H](Cc1ccccc1)C(=O)NCC(=O)N1CCC[C@H]1C(=O)N[C@H](C(=O)N1CCC[C@H]1C(=O)O)[C@@H](C)CC)C(C)C)[C@@H](C)O,CC[C@H](C)[C@H](NC(=O)[C@H](CCCCN)NC(=O)[C@H](CC(=O)O)NC(=O)[C@H](CC(N)=O)NC(=O)[C@@H](N)CCC(N)=O)C(=O)N[C@@H](Cc1c[nH]cn1)C(=O)N1CCC[C@H]1C(=O)N[C@@H](Cc1ccccc1)C(=O)N[C@@H](C)C(=O)N[C@@H](CCC(N)=O)C(=O)N[C@H](C(=O)N[C@@H](CCC(N)=O)C(=O)N[C@@H](CO)C(=O)N[C@@H](CC(C)C)C(=O)N[C@H](C(=O)N[C@@H](Cc1ccc(O)cc1)C(=O)N1CCC[C@H]1C(=O)N[C@@H](Cc1ccccc1)C(=O)NCC(=O)N1CCC[C@H]1C(=O)N[C@H](C(=O)N1CCC[C@H]1C(=O)O)[C@@H](C)CC)C(C)C)[C@@H](C)O
236,PG,non-umami,O=C(O)CNC(=O)[C@@H]1CCCN1,O=C(O)CNC(=O)[C@@H]1CCCN1
237,FPF,non-umami,N[C@@H](Cc1ccccc1)C(=O)N1CCC[C@H]1C(=O)N[C@@H](Cc1ccccc1)C(=O)O,N[C@@H](Cc1ccccc1)C(=O)N1CCC[C@H]1C(=O)N[C@@H](Cc1ccccc1)C(=O)O
238,LRL,non-umami,CC(C)C[C@H](N)C(=O)N[C@@H](CCCNC(=N)N)C(=O)N[C@@H](CC(C)C)C(=O)O,CC(C)C[C@H](N)C(=O)N[C@@H](CCCNC(=N)N)C(=O)N[C@@H](CC(C)C)C(=O)O
239,FFG,non-umami,N[C@@H](Cc1ccccc1)C(=O)N[C@@H](Cc1ccccc1)C(=O)NCC(=O)O,N[C@@H](Cc1ccccc1)C(=O)N[C@@H](Cc1ccccc1)C(=O)NCC(=O)O
240,PI,non-umami,CC[C@H](C)[C@H](NC(=O)[C@@H]1CCCN1)C(=O)O,CC[C@H](C)[C@H](NC(=O)[C@@H]1CCCN1)C(=O)O
241,QLFNPS,non-umami,CC(C)C[C@H](NC(=O)[C@@H](N)CCC(N)=O)C(=O)N[C@@H](Cc1ccccc1)C(=O)N[C@@H](CC(N)=O)C(=O)N1CCC[C@H]1C(=O)N[C@@H](CO)C(=O)O,CC(C)C[C@H](NC(=O)[C@@H](N)CCC(N)=O)C(=O)N[C@@H](Cc1ccccc1)C(=O)N[C@@H](CC(N)=O)C(=O)N1CCC[C@H]1C(=O)N[C@@H](CO)C(=O)O
242,GP,non-umami,NCC(=O)N1CCC[C@H]1C(=O)O,NCC(=O)N1CCC[C@H]1C(=O)O
243,PGPIP,non-umami,CC[C@H](C)[C@H](NC(=O)[C@@H]1CCCN1C(=O)CNC(=O)[C@@H]1CCCN1)C(=O)N1CCC[C@H]1C(=O)O,CC[C@H](C)[C@H](NC(=O)[C@@H]1CCCN1C(=O)CNC(=O)[C@@H]1CCCN1)C(=O)N1CCC[C@H]1C(=O)O
244,LI,non-umami,CC[C@H](C)[C@H](NC(=O)[C@@H](N)CC(C)C)C(=O)O,CC[C@H](C)[C@H](NC(=O)[C@@H](N)CC(C)C)C(=O)O
245,FIV,non-umami,CC[C@H](C)[C@H](NC(=O)[C@@H](N)Cc1ccccc1)C(=O)N[C@H](C(=O)O)C(C)C,CC[C@H](C)[C@H](NC(=O)[C@@H](N)Cc1ccccc1)C(=O)N[C@H](C(=O)O)C(C)C
246,GPFPII,non-umami,CC[C@H](C)[C@H](NC(=O)[C@@H](NC(=O)[C@@H]1CCCN1C(=O)[C@H](Cc1ccccc1)NC(=O)[C@@H]1CCCN1C(=O)CN)[C@@H](C)CC)C(=O)O,CC[C@H](C)[C@H](NC(=O)[C@@H](NC(=O)[C@@H]1CCCN1C(=O)[C@H](Cc1ccccc1)NC(=O)[C@@H]1CCCN1C(=O)CN)[C@@H](C)CC)C(=O)O
247,LG,non-umami,CC(C)C[C@H](N)C(=O)NCC(=O)O,CC(C)C[C@H](N)C(=O)NCC(=O)O
248,PF,non-umami,O=C(O)[C@H](Cc1ccccc1)NC(=O)[C@@H]1CCCN1,O=C(O)[C@H](Cc1ccccc1)NC(=O)[C@@H]1CCCN1
249,GGGLG,non-umami,CC(C)C[C@H](NC(=O)CNC(=O)CNC(=O)CN)C(=O)NCC(=O)O,CC(C)C[C@H](NC(=O)CNC(=O)CNC(=O)CN)C(=O)NCC(=O)O
250,GFF,non-umami,NCC(=O)N[C@@H](Cc1ccccc1)C(=O)N[C@@H](Cc1ccccc1)C(=O)O,NCC(=O)N[C@@H](Cc1ccccc1)C(=O)N[C@@H](Cc1ccccc1)C(=O)O
251,GGV,non-umami,CC(C)[C@H](NC(=O)CNC(=O)CN)C(=O)O,CC(C)[C@H](NC(=O)CNC(=O)CN)C(=O)O
252,GV,non-umami,CC(C)[C@H](NC(=O)CN)C(=O)O,CC(C)[C@H](NC(=O)CN)C(=O)O
253,YGY,non-umami,N[C@@H](Cc1ccc(O)cc1)C(=O)NCC(=O)N[C@@H](Cc1ccc(O)cc1)C(=O)O,N[C@@H](Cc1ccc(O)cc1)C(=O)NCC(=O)N[C@@H](Cc1ccc(O)cc1)C(=O)O
254,RGPPGIG,non-umami,CC[C@H](C)[C@H](NC(=O)CNC(=O)[C@@H]1CCCN1C(=O)[C@@H]1CCCN1C(=O)CNC(=O)[C@@H](N)CCCNC(=N)N)C(=O)NCC(=O)O,CC[C@H](C)[C@H](NC(=O)CNC(=O)[C@@H]1CCCN1C(=O)[C@@H]1CCCN1C(=O)CNC(=O)[C@@H](N)CCCNC(=N)N)C(=O)NCC(=O)O
255,VYPF,non-umami,CC(C)[C@H](N)C(=O)N[C@@H](Cc1ccc(O)cc1)C(=O)N1CCC[C@H]1C(=O)N[C@@H](Cc1ccccc1)C(=O)O,CC(C)[C@H](N)C(=O)N[C@@H](Cc1ccc(O)cc1)C(=O)N1CCC[C@H]1C(=O)N[C@@H](Cc1ccccc1)C(=O)O
256,SAEFG,non-umami,C[C@H](NC(=O)[C@@H](N)CO)C(=O)N[C@@H](CCC(=O)O)C(=O)N[C@@H](Cc1ccccc1)C(=O)NCC(=O)O,C[C@H](NC(=O)[C@@H](N)CO)C(=O)N[C@@H](CCC(=O)O)C(=O)N[C@@H](Cc1ccccc1)C(=O)NCC(=O)O
257,YLGYLEQLLR,non-umami,CC(C)C[C@H](NC(=O)[C@@H](N)Cc1ccc(O)cc1)C(=O)NCC(=O)N[C@@H](Cc1ccc(O)cc1)C(=O)N[C@@H](CC(C)C)C(=O)N[C@@H](CCC(=O)O)C(=O)N[C@@H](CCC(N)=O)C(=O)N[C@@H](CC(C)C)C(=O)N[C@@H](CC(C)C)C(=O)N[C@@H](CCCNC(=N)N)C(=O)O,CC(C)C[C@H](NC(=O)[C@@H](N)Cc1ccc(O)cc1)C(=O)NCC(=O)N[C@@H](Cc1ccc(O)cc1)C(=O)N[C@@H](CC(C)C)C(=O)N[C@@H](CCC(=O)O)C(=O)N[C@@H](CCC(N)=O)C(=O)N[C@@H](CC(C)C)C(=O)N[C@@H](CC(C)C)C(=O)N[C@@H](CCCNC(=N)N)C(=O)O
258,RGPPGGGFF,non-umami,N=C(N)NCCC[C@H](N)C(=O)NCC(=O)N1CCC[C@H]1C(=O)N1CCC[C@H]1C(=O)NCC(=O)NCC(=O)NCC(=O)N[C@@H](Cc1ccccc1)C(=O)N[C@@H](Cc1ccccc1)C(=O)O,N=C(N)NCCC[C@H](N)C(=O)NCC(=O)N1CCC[C@H]1C(=O)N1CCC[C@H]1C(=O)NCC(=O)NCC(=O)NCC(=O)N[C@@H](Cc1ccccc1)C(=O)N[C@@H](Cc1ccccc1)C(=O)O
259,YF,non-umami,N[C@@H](Cc1ccc(O)cc1)C(=O)N[C@@H](Cc1ccccc1)C(=O)O,N[C@@H](Cc1ccc(O)cc1)C(=O)N[C@@H](Cc1ccccc1)C(=O)O
260,YEGNS,non-umami,NC(=O)C[C@H](NC(=O)CNC(=O)[C@H](CCC(=O)O)NC(=O)[C@@H](N)Cc1ccc(O)cc1)C(=O)N[C@@H](CO)C(=O)O,NC(=O)C[C@H](NC(=O)CNC(=O)[C@H](CCC(=O)O)NC(=O)[C@@H](N)Cc1ccc(O)cc1)C(=O)N[C@@H](CO)C(=O)O
261,GGRGPPFIV,non-umami,CC[C@H](C)[C@H](NC(=O)[C@H](Cc1ccccc1)NC(=O)[C@@H]1CCCN1C(=O)[C@@H]1CCCN1C(=O)CNC(=O)[C@H](CCCNC(=N)N)NC(=O)CNC(=O)CN)C(=O)N[C@H](C(=O)O)C(C)C,CC[C@H](C)[C@H](NC(=O)[C@H](Cc1ccccc1)NC(=O)[C@@H]1CCCN1C(=O)[C@@H]1CCCN1C(=O)CNC(=O)[C@H](CCCNC(=N)N)NC(=O)CNC(=O)CN)C(=O)N[C@H](C(=O)O)C(C)C
262,IT,non-umami,CC[C@H](C)[C@H](N)C(=O)N[C@H](C(=O)O)[C@@H](C)O,CC[C@H](C)[C@H](N)C(=O)N[C@H](C(=O)O)[C@@H](C)O
263,FY,non-umami,N[C@@H](Cc1ccccc1)C(=O)N[C@@H](Cc1ccc(O)cc1)C(=O)O,N[C@@H](Cc1ccccc1)C(=O)N[C@@H](Cc1ccc(O)cc1)C(=O)O
264,QQPVLGPVRGPFPI,non-umami,CC[C@H](C)[C@H](NC(=O)[C@@H]1CCCN1C(=O)[C@H](Cc1ccccc1)NC(=O)[C@@H]1CCCN1C(=O)CNC(=O)[C@H](CCCNC(=N)N)NC(=O)[C@@H](NC(=O)[C@@H]1CCCN1C(=O)CNC(=O)[C@H](CC(C)C)NC(=O)[C@@H](NC(=O)[C@@H]1CCCN1C(=O)[C@H](CCC(N)=O)NC(=O)[C@@H](N)CCC(N)=O)C(C)C)C(C)C)C(=O)O,CC[C@H](C)[C@H](NC(=O)[C@@H]1CCCN1C(=O)[C@H](Cc1ccccc1)NC(=O)[C@@H]1CCCN1C(=O)CNC(=O)[C@H](CCCNC(=N)N)NC(=O)[C@@H](NC(=O)[C@@H]1CCCN1C(=O)CNC(=O)[C@H](CC(C)C)NC(=O)[C@@H](NC(=O)[C@@H]1CCCN1C(=O)[C@H](CCC(N)=O)NC(=O)[C@@H](N)CCC(N)=O)C(C)C)C(C)C)C(=O)O
265,PFPGPI,non-umami,CC[C@H](C)[C@H](NC(=O)[C@@H]1CCCN1C(=O)CNC(=O)[C@@H]1CCCN1C(=O)[C@H](Cc1ccccc1)NC(=O)[C@@H]1CCCN1)C(=O)O,CC[C@H](C)[C@H](NC(=O)[C@@H]1CCCN1C(=O)CNC(=O)[C@@H]1CCCN1C(=O)[C@H](Cc1ccccc1)NC(=O)[C@@H]1CCCN1)C(=O)O
266,GL,non-umami,CC(C)C[C@H](NC(=O)CN)C(=O)O,CC(C)C[C@H](NC(=O)CN)C(=O)O
267,VYP,non-umami,CC(C)[C@H](N)C(=O)N[C@@H](Cc1ccc(O)cc1)C(=O)N1CCC[C@H]1C(=O)O,CC(C)[C@H](N)C(=O)N[C@@H](Cc1ccc(O)cc1)C(=O)N1CCC[C@H]1C(=O)O
268,AYFYPEL,non-umami,CC(C)C[C@H](NC(=O)[C@H](CCC(=O)O)NC(=O)[C@@H]1CCCN1C(=O)[C@H](Cc1ccc(O)cc1)NC(=O)[C@H](Cc1ccccc1)NC(=O)[C@H](Cc1ccc(O)cc1)NC(=O)[C@H](C)N)C(=O)O,CC(C)C[C@H](NC(=O)[C@H](CCC(=O)O)NC(=O)[C@@H]1CCCN1C(=O)[C@H](Cc1ccc(O)cc1)NC(=O)[C@H](Cc1ccccc1)NC(=O)[C@H](Cc1ccc(O)cc1)NC(=O)[C@H](C)N)C(=O)O
269,FL,non-umami,CC(C)C[C@H](NC(=O)[C@@H](N)Cc1ccccc1)C(=O)O,CC(C)C[C@H](NC(=O)[C@@H](N)Cc1ccccc1)C(=O)O
270,GPFPVI,non-umami,CC[C@H](C)[C@H](NC(=O)[C@@H](NC(=O)[C@@H]1CCCN1C(=O)[C@H](Cc1ccccc1)NC(=O)[C@@H]1CCCN1C(=O)CN)C(C)C)C(=O)O,CC[C@H](C)[C@H](NC(=O)[C@@H](NC(=O)[C@@H]1CCCN1C(=O)[C@H](Cc1ccccc1)NC(=O)[C@@H]1CCCN1C(=O)CN)C(C)C)C(=O)O
271,NFNNQLDQQTPR,non-umami,CC(C)C[C@H](NC(=O)[C@H](CCC(N)=O)NC(=O)[C@H](CC(N)=O)NC(=O)[C@H](CC(N)=O)NC(=O)[C@H](Cc1ccccc1)NC(=O)[C@@H](N)CC(N)=O)C(=O)N[C@@H](CC(=O)O)C(=O)N[C@@H](CCC(N)=O)C(=O)N[C@@H](CCC(N)=O)C(=O)N[C@H](C(=O)N1CCC[C@H]1C(=O)N[C@@H](CCCNC(=N)N)C(=O)O)[C@@H](C)O,CC(C)C[C@H](NC(=O)[C@H](CCC(N)=O)NC(=O)[C@H](CC(N)=O)NC(=O)[C@H](CC(N)=O)NC(=O)[C@H](Cc1ccccc1)NC(=O)[C@@H](N)CC(N)=O)C(=O)N[C@@H](CC(=O)O)C(=O)N[C@@H](CCC(N)=O)C(=O)N[C@@H](CCC(N)=O)C(=O)N[C@H](C(=O)N1CCC[C@H]1C(=O)N[C@@H](CCCNC(=N)N)C(=O)O)[C@@H](C)O
272,RRR,non-umami,N=C(N)NCCC[C@H](N)C(=O)N[C@@H](CCCNC(=N)N)C(=O)N[C@@H](CCCNC(=N)N)C(=O)O,N=C(N)NCCC[C@H](N)C(=O)N[C@@H](CCCNC(=N)N)C(=O)N[C@@H](CCCNC(=N)N)C(=O)O
273,PFP,non-umami,O=C(N[C@@H](Cc1ccccc1)C(=O)N1CCC[C@H]1C(=O)O)[C@@H]1CCCN1,O=C(N[C@@H](Cc1ccccc1)C(=O)N1CCC[C@H]1C(=O)O)[C@@H]1CCCN1
274,FFPP,non-umami,N[C@@H](Cc1ccccc1)C(=O)N[C@@H](Cc1ccccc1)C(=O)N1CCC[C@H]1C(=O)N1CCC[C@H]1C(=O)O,N[C@@H](Cc1ccccc1)C(=O)N[C@@H](Cc1ccccc1)C(=O)N1CCC[C@H]1C(=O)N1CCC[C@H]1C(=O)O
275,ELL,non-umami,CC(C)C[C@H](NC(=O)[C@H](CC(C)C)NC(=O)[C@@H](N)CCC(=O)O)C(=O)O,CC(C)C[C@H](NC(=O)[C@H](CC(C)C)NC(=O)[C@@H](N)CCC(=O)O)C(=O)O
276,LVYPFPGPIHN,non-umami,CC[C@H](C)[C@H](NC(=O)[C@@H]1CCCN1C(=O)CNC(=O)[C@@H]1CCCN1C(=O)[C@H](Cc1ccccc1)NC(=O)[C@@H]1CCCN1C(=O)[C@H](Cc1ccc(O)cc1)NC(=O)[C@@H](NC(=O)[C@@H](N)CC(C)C)C(C)C)C(=O)N[C@@H](Cc1c[nH]cn1)C(=O)N[C@@H](CC(N)=O)C(=O)O,CC[C@H](C)[C@H](NC(=O)[C@@H]1CCCN1C(=O)CNC(=O)[C@@H]1CCCN1C(=O)[C@H](Cc1ccccc1)NC(=O)[C@@H]1CCCN1C(=O)[C@H](Cc1ccc(O)cc1)NC(=O)[C@@H](NC(=O)[C@@H](N)CC(C)C)C(C)C)C(=O)N[C@@H](Cc1c[nH]cn1)C(=O)N[C@@H](CC(N)=O)C(=O)O
277,GLGG,non-umami,CC(C)C[C@H](NC(=O)CN)C(=O)NCC(=O)NCC(=O)O,CC(C)C[C@H](NC(=O)CN)C(=O)NCC(=O)NCC(=O)O
278,LGG,non-umami,CC(C)C[C@H](N)C(=O)NCC(=O)NCC(=O)O,CC(C)C[C@H](N)C(=O)NCC(=O)NCC(=O)O
279,RGPFPIIV,non-umami,CC[C@H](C)[C@H](NC(=O)[C@@H](NC(=O)[C@@H]1CCCN1C(=O)[C@H](Cc1ccccc1)NC(=O)[C@@H]1CCCN1C(=O)CNC(=O)[C@@H](N)CCCNC(=N)N)[C@@H](C)CC)C(=O)N[C@H](C(=O)O)C(C)C,CC[C@H](C)[C@H](NC(=O)[C@@H](NC(=O)[C@@H]1CCCN1C(=O)[C@H](Cc1ccccc1)NC(=O)[C@@H]1CCCN1C(=O)CNC(=O)[C@@H](N)CCCNC(=N)N)[C@@H](C)CC)C(=O)N[C@H](C(=O)O)C(C)C
280,TDVENLHLPPLL,non-umami,CC(C)C[C@H](NC(=O)[C@H](CC(C)C)NC(=O)[C@@H]1CCCN1C(=O)[C@@H]1CCCN1C(=O)[C@H](CC(C)C)NC(=O)[C@H](Cc1c[nH]cn1)NC(=O)[C@H](CC(C)C)NC(=O)[C@H](CC(N)=O)NC(=O)[C@H](CCC(=O)O)NC(=O)[C@@H](NC(=O)[C@H](CC(=O)O)NC(=O)[C@@H](N)[C@@H](C)O)C(C)C)C(=O)O,CC(C)C[C@H](NC(=O)[C@H](CC(C)C)NC(=O)[C@@H]1CCCN1C(=O)[C@@H]1CCCN1C(=O)[C@H](CC(C)C)NC(=O)[C@H](Cc1c[nH]cn1)NC(=O)[C@H](CC(C)C)NC(=O)[C@H](CC(N)=O)NC(=O)[C@H](CCC(=O)O)NC(=O)[C@@H](NC(=O)[C@H](CC(=O)O)NC(=O)[C@@H](N)[C@@H](C)O)C(C)C)C(=O)O
281,FPP,non-umami,N[C@@H](Cc1ccccc1)C(=O)N1CCC[C@H]1C(=O)N1CCC[C@H]1C(=O)O,N[C@@H](Cc1ccccc1)C(=O)N1CCC[C@H]1C(=O)N1CCC[C@H]1C(=O)O
282,WE,non-umami,N[C@@H](Cc1c[nH]c2c1cccc2)C(=O)N[C@@H](CCC(=O)O)C(=O)O,N[C@@H](Cc1c[nH]c2c1cccc2)C(=O)N[C@@H](CCC(=O)O)C(=O)O
283,SLA,non-umami,CC(C)C[C@H](NC(=O)[C@@H](N)CO)C(=O)N[C@@H](C)C(=O)O,CC(C)C[C@H](NC(=O)[C@@H](N)CO)C(=O)N[C@@H](C)C(=O)O
284,PFIV,non-umami,CC[C@H](C)[C@H](NC(=O)[C@H](Cc1ccccc1)NC(=O)[C@@H]1CCCN1)C(=O)N[C@H](C(=O)O)C(C)C,CC[C@H](C)[C@H](NC(=O)[C@H](Cc1ccccc1)NC(=O)[C@@H]1CCCN1)C(=O)N[C@H](C(=O)O)C(C)C
285,GLY,non-umami,CC(C)C[C@H](NC(=O)CN)C(=O)N[C@@H](Cc1ccc(O)cc1)C(=O)O,CC(C)C[C@H](NC(=O)CN)C(=O)N[C@@H](Cc1ccc(O)cc1)C(=O)O
286,LGGG,non-umami,CC(C)C[C@H](N)C(=O)NCC(=O)NCC(=O)NCC(=O)O,CC(C)C[C@H](N)C(=O)NCC(=O)NCC(=O)NCC(=O)O
287,VI,non-umami,CC[C@H](C)[C@H](NC(=O)[C@@H](N)C(C)C)C(=O)O,CC[C@H](C)[C@H](NC(=O)[C@@H](N)C(C)C)C(=O)O
288,PPFIV,non-umami,CC[C@H](C)[C@H](NC(=O)[C@H](Cc1ccccc1)NC(=O)[C@@H]1CCCN1C(=O)[C@@H]1CCCN1)C(=O)N[C@H](C(=O)O)C(C)C,CC[C@H](C)[C@H](NC(=O)[C@H](Cc1ccccc1)NC(=O)[C@@H]1CCCN1C(=O)[C@@H]1CCCN1)C(=O)N[C@H](C(=O)O)C(C)C
289,VYPFPPIGNH,non-umami,CC[C@H](C)[C@H](NC(=O)[C@@H]1CCCN1C(=O)[C@@H]1CCCN1C(=O)[C@H](Cc1ccccc1)NC(=O)[C@@H]1CCCN1C(=O)[C@H](Cc1ccc(O)cc1)NC(=O)[C@@H](N)C(C)C)C(=O)NCC(=O)N[C@@H](CC(N)=O)C(=O)N[C@@H](Cc1c[nH]cn1)C(=O)O,CC[C@H](C)[C@H](NC(=O)[C@@H]1CCCN1C(=O)[C@@H]1CCCN1C(=O)[C@H](Cc1ccccc1)NC(=O)[C@@H]1CCCN1C(=O)[C@H](Cc1ccc(O)cc1)NC(=O)[C@@H](N)C(C)C)C(=O)NCC(=O)N[C@@H](CC(N)=O)C(=O)N[C@@H](Cc1c[nH]cn1)C(=O)O
290,RGP,non-umami,N=C(N)NCCC[C@H](N)C(=O)NCC(=O)N1CCC[C@H]1C(=O)O,N=C(N)NCCC[C@H](N)C(=O)NCC(=O)N1CCC[C@H]1C(=O)O
291,GGFFGG,non-umami,NCC(=O)NCC(=O)N[C@@H](Cc1ccccc1)C(=O)N[C@@H](Cc1ccccc1)C(=O)NCC(=O)NCC(=O)O,NCC(=O)NCC(=O)N[C@@H](Cc1ccccc1)C(=O)N[C@@H](Cc1ccccc1)C(=O)NCC(=O)NCC(=O)O
292,GR,non-umami,N=C(N)NCCC[C@H](NC(=O)CN)C(=O)O,N=C(N)NCCC[C@H](NC(=O)CN)C(=O)O
293,GGL,non-umami,CC(C)C[C@H](NC(=O)CNC(=O)CN)C(=O)O,CC(C)C[C@H](NC(=O)CNC(=O)CN)C(=O)O
294,GPFF,non-umami,NCC(=O)N1CCC[C@H]1C(=O)N[C@@H](Cc1ccccc1)C(=O)N[C@@H](Cc1ccccc1)C(=O)O,NCC(=O)N1CCC[C@H]1C(=O)N[C@@H](Cc1ccccc1)C(=O)N[C@@H](Cc1ccccc1)C(=O)O
295,RGPPGF,non-umami,N=C(N)NCCC[C@H](N)C(=O)NCC(=O)N1CCC[C@H]1C(=O)N1CCC[C@H]1C(=O)NCC(=O)N[C@@H](Cc1ccccc1)C(=O)O,N=C(N)NCCC[C@H](N)C(=O)NCC(=O)N1CCC[C@H]1C(=O)N1CCC[C@H]1C(=O)NCC(=O)N[C@@H](Cc1ccccc1)C(=O)O
296,EQGGEQG,non-umami,NC(=O)CC[C@H](NC(=O)[C@@H](N)CCC(=O)O)C(=O)NCC(=O)NCC(=O)N[C@@H](CCC(=O)O)C(=O)N[C@@H](CCC(N)=O)C(=O)NCC(=O)O,NC(=O)CC[C@H](NC(=O)[C@@H](N)CCC(=O)O)C(=O)NCC(=O)NCC(=O)N[C@@H](CCC(=O)O)C(=O)N[C@@H](CCC(N)=O)C(=O)NCC(=O)O
297,RPFFGG,non-umami,N=C(N)NCCC[C@H](N)C(=O)N1CCC[C@H]1C(=O)N[C@@H](Cc1ccccc1)C(=O)N[C@@H](Cc1ccccc1)C(=O)NCC(=O)NCC(=O)O,N=C(N)NCCC[C@H](N)C(=O)N1CCC[C@H]1C(=O)N[C@@H](Cc1ccccc1)C(=O)N[C@@H](Cc1ccccc1)C(=O)NCC(=O)NCC(=O)O
298,IK,non-umami,CC[C@H](C)[C@H](N)C(=O)N[C@@H](CCCCN)C(=O)O,CC[C@H](C)[C@H](N)C(=O)N[C@@H](CCCCN)C(=O)O
299,KPPFIV,non-umami,CC[C@H](C)[C@H](NC(=O)[C@H](Cc1ccccc1)NC(=O)[C@@H]1CCCN1C(=O)[C@@H]1CCCN1C(=O)[C@@H](N)CCCCN)C(=O)N[C@H](C(=O)O)C(C)C,CC[C@H](C)[C@H](NC(=O)[C@H](Cc1ccccc1)NC(=O)[C@@H]1CCCN1C(=O)[C@@H]1CCCN1C(=O)[C@@H](N)CCCCN)C(=O)N[C@H](C(=O)O)C(C)C
300,IP,non-umami,CC[C@H](C)[C@H](N)C(=O)N1CCC[C@H]1C(=O)O,CC[C@H](C)[C@H](N)C(=O)N1CCC[C@H]1C(=O)O
301,LY,non-umami,CC(C)C[C@H](N)C(=O)N[C@@H](Cc1ccc(O)cc1)C(=O)O,CC(C)C[C@H](N)C(=O)N[C@@H](Cc1ccc(O)cc1)C(=O)O
302,VY,non-umami,CC(C)[C@H](N)C(=O)N[C@@H](Cc1ccc(O)cc1)C(=O)O,CC(C)[C@H](N)C(=O)N[C@@H](Cc1ccc(O)cc1)C(=O)O
303,RGPPFIV,non-umami,CC[C@H](C)[C@H](NC(=O)[C@H](Cc1ccccc1)NC(=O)[C@@H]1CCCN1C(=O)[C@@H]1CCCN1C(=O)CNC(=O)[C@@H](N)CCCNC(=N)N)C(=O)N[C@H](C(=O)O)C(C)C,CC[C@H](C)[C@H](NC(=O)[C@H](Cc1ccccc1)NC(=O)[C@@H]1CCCN1C(=O)[C@@H]1CCCN1C(=O)CNC(=O)[C@@H](N)CCCNC(=N)N)C(=O)N[C@H](C(=O)O)C(C)C
304,IQ,non-umami,CC[C@H](C)[C@H](N)C(=O)N[C@@H](CCC(N)=O)C(=O)O,CC[C@H](C)[C@H](N)C(=O)N[C@@H](CCC(N)=O)C(=O)O
305,IW,non-umami,CC[C@H](C)[C@H](N)C(=O)N[C@@H](Cc1c[nH]c2c1cccc2)C(=O)O,CC[C@H](C)[C@H](N)C(=O)N[C@@H](Cc1c[nH]c2c1cccc2)C(=O)O
306,RPG,non-umami,N=C(N)NCCC[C@H](N)C(=O)N1CCC[C@H]1C(=O)NCC(=O)O,N=C(N)NCCC[C@H](N)C(=O)N1CCC[C@H]1C(=O)NCC(=O)O
307,WF,non-umami,N[C@@H](Cc1c[nH]c2c1cccc2)C(=O)N[C@@H](Cc1ccccc1)C(=O)O,N[C@@H](Cc1c[nH]c2c1cccc2)C(=O)N[C@@H](Cc1ccccc1)C(=O)O
308,RGPFIV,non-umami,CC[C@H](C)[C@H](NC(=O)[C@H](Cc1ccccc1)NC(=O)[C@@H]1CCCN1C(=O)CNC(=O)[C@@H](N)CCCNC(=N)N)C(=O)N[C@H](C(=O)O)C(C)C,CC[C@H](C)[C@H](NC(=O)[C@H](Cc1ccccc1)NC(=O)[C@@H]1CCCN1C(=O)CNC(=O)[C@@H](N)CCCNC(=N)N)C(=O)N[C@H](C(=O)O)C(C)C
309,LRP,non-umami,CC(C)C[C@H](N)C(=O)N[C@@H](CCCNC(=N)N)C(=O)N1CCC[C@H]1C(=O)O,CC(C)C[C@H](N)C(=O)N[C@@H](CCCNC(=N)N)C(=O)N1CCC[C@H]1C(=O)O
310,PPP,non-umami,O=C(O)[C@@H]1CCCN1C(=O)[C@@H]1CCCN1C(=O)[C@@H]1CCCN1,O=C(O)[C@@H]1CCCN1C(=O)[C@@H]1CCCN1C(=O)[C@@H]1CCCN1
311,RRPFF,non-umami,N=C(N)NCCC[C@H](N)C(=O)N[C@@H](CCCNC(=N)N)C(=O)N1CCC[C@H]1C(=O)N[C@@H](Cc1ccccc1)C(=O)N[C@@H](Cc1ccccc1)C(=O)O,N=C(N)NCCC[C@H](N)C(=O)N[C@@H](CCCNC(=N)N)C(=O)N1CCC[C@H]1C(=O)N[C@@H](Cc1ccccc1)C(=O)N[C@@H](Cc1ccccc1)C(=O)O
312,EEN,non-umami,NC(=O)C[C@H](NC(=O)[C@H](CCC(=O)O)NC(=O)[C@@H](N)CCC(=O)O)C(=O)O,NC(=O)C[C@H](NC(=O)[C@H](CCC(=O)O)NC(=O)[C@@H](N)CCC(=O)O)C(=O)O
313,YPF,non-umami,N[C@@H](Cc1ccc(O)cc1)C(=O)N1CCC[C@H]1C(=O)N[C@@H](Cc1ccccc1)C(=O)O,N[C@@H](Cc1ccc(O)cc1)C(=O)N1CCC[C@H]1C(=O)N[C@@H](Cc1ccccc1)C(=O)O
314,WW,non-umami,N[C@@H](Cc1c[nH]c2c1cccc2)C(=O)N[C@@H](Cc1c[nH]c2c1cccc2)C(=O)O,N[C@@H](Cc1c[nH]c2c1cccc2)C(=O)N[C@@H](Cc1c[nH]c2c1cccc2)C(=O)O
315,FV,non-umami,CC(C)[C@H](NC(=O)[C@@H](N)Cc1ccccc1)C(=O)O,CC(C)[C@H](NC(=O)[C@@H](N)Cc1ccccc1)C(=O)O
316,PA,non-umami,C[C@H](NC(=O)[C@@H]1CCCN1)C(=O)O,C[C@H](NC(=O)[C@@H]1CCCN1)C(=O)O
317,PPG,non-umami,O=C(O)CNC(=O)[C@@H]1CCCN1C(=O)[C@@H]1CCCN1,O=C(O)CNC(=O)[C@@H]1CCCN1C(=O)[C@@H]1CCCN1
318,GGGGL,non-umami,CC(C)C[C@H](NC(=O)CNC(=O)CNC(=O)CNC(=O)CN)C(=O)O,CC(C)C[C@H](NC(=O)CNC(=O)CNC(=O)CNC(=O)CN)C(=O)O
319,FALPQYLK,non-umami,CC(C)C[C@H](NC(=O)[C@H](Cc1ccc(O)cc1)NC(=O)[C@H](CCC(N)=O)NC(=O)[C@@H]1CCCN1C(=O)[C@H](CC(C)C)NC(=O)[C@H](C)NC(=O)[C@@H](N)Cc1ccccc1)C(=O)N[C@@H](CCCCN)C(=O)O,CC(C)C[C@H](NC(=O)[C@H](Cc1ccc(O)cc1)NC(=O)[C@H](CCC(N)=O)NC(=O)[C@@H]1CCCN1C(=O)[C@H](CC(C)C)NC(=O)[C@H](C)NC(=O)[C@@H](N)Cc1ccccc1)C(=O)N[C@@H](CCCCN)C(=O)O
320,GKHQQEEENEGG,non-umami,NCCCC[C@H](NC(=O)CN)C(=O)N[C@@H](Cc1c[nH]cn1)C(=O)N[C@@H](CCC(N)=O)C(=O)N[C@@H](CCC(N)=O)C(=O)N[C@@H](CCC(=O)O)C(=O)N[C@@H](CCC(=O)O)C(=O)N[C@@H](CCC(=O)O)C(=O)N[C@@H](CC(N)=O)C(=O)N[C@@H](CCC(=O)O)C(=O)NCC(=O)NCC(=O)O,NCCCC[C@H](NC(=O)CN)C(=O)N[C@@H](Cc1c[nH]cn1)C(=O)N[C@@H](CCC(N)=O)C(=O)N[C@@H](CCC(N)=O)C(=O)N[C@@H](CCC(=O)O)C(=O)N[C@@H](CCC(=O)O)C(=O)N[C@@H](CCC(=O)O)C(=O)N[C@@H](CC(N)=O)C(=O)N[C@@H](CCC(=O)O)C(=O)NCC(=O)NCC(=O)O
321,GVV,non-umami,CC(C)[C@H](NC(=O)[C@@H](NC(=O)CN)C(C)C)C(=O)O,CC(C)[C@H](NC(=O)[C@@H](NC(=O)CN)C(C)C)C(=O)O
322,PGR,non-umami,N=C(N)NCCC[C@H](NC(=O)CNC(=O)[C@@H]1CCCN1)C(=O)O,N=C(N)NCCC[C@H](NC(=O)CNC(=O)[C@@H]1CCCN1)C(=O)O
323,FW,non-umami,N[C@@H](Cc1ccccc1)C(=O)N[C@@H](Cc1c[nH]c2c1cccc2)C(=O)O,N[C@@H](Cc1ccccc1)C(=O)N[C@@H](Cc1c[nH]c2c1cccc2)C(=O)O
324,GGGL,non-umami,CC(C)C[C@H](NC(=O)CNC(=O)CNC(=O)CN)C(=O)O,CC(C)C[C@H](NC(=O)CNC(=O)CNC(=O)CN)C(=O)O
325,LD,non-umami,CC(C)C[C@H](N)C(=O)N[C@@H](CC(=O)O)C(=O)O,CC(C)C[C@H](N)C(=O)N[C@@H](CC(=O)O)C(=O)O
326,GGRPFFGG,non-umami,N=C(N)NCCC[C@H](NC(=O)CNC(=O)CN)C(=O)N1CCC[C@H]1C(=O)N[C@@H](Cc1ccccc1)C(=O)N[C@@H](Cc1ccccc1)C(=O)NCC(=O)NCC(=O)O,N=C(N)NCCC[C@H](NC(=O)CNC(=O)CN)C(=O)N1CCC[C@H]1C(=O)N[C@@H](Cc1ccccc1)C(=O)N[C@@H](Cc1ccccc1)C(=O)NCC(=O)NCC(=O)O
327,GLG,non-umami,CC(C)C[C@H](NC(=O)CN)C(=O)NCC(=O)O,CC(C)C[C@H](NC(=O)CN)C(=O)NCC(=O)O
328,VIFPPG,non-umami,CC[C@H](C)[C@H](NC(=O)[C@@H](N)C(C)C)C(=O)N[C@@H](Cc1ccccc1)C(=O)N1CCC[C@H]1C(=O)N1CCC[C@H]1C(=O)NCC(=O)O,CC[C@H](C)[C@H](NC(=O)[C@@H](N)C(C)C)C(=O)N[C@@H](Cc1ccccc1)C(=O)N1CCC[C@H]1C(=O)N1CCC[C@H]1C(=O)NCC(=O)O
329,IF,non-umami,CC[C@H](C)[C@H](N)C(=O)N[C@@H](Cc1ccccc1)C(=O)O,CC[C@H](C)[C@H](N)C(=O)N[C@@H](Cc1ccccc1)C(=O)O
331,FFPGG,non-umami,N[C@@H](Cc1ccccc1)C(=O)N[C@@H](Cc1ccccc1)C(=O)N1CCC[C@H]1C(=O)NCC(=O)NCC(=O)O,N[C@@H](Cc1ccccc1)C(=O)N[C@@H](Cc1ccccc1)C(=O)N1CCC[C@H]1C(=O)NCC(=O)NCC(=O)O
332,GPFPIIV,non-umami,CC[C@H](C)[C@H](NC(=O)[C@@H](NC(=O)[C@@H]1CCCN1C(=O)[C@H](Cc1ccccc1)NC(=O)[C@@H]1CCCN1C(=O)CN)[C@@H](C)CC)C(=O)N[C@H](C(=O)O)C(C)C,CC[C@H](C)[C@H](NC(=O)[C@@H](NC(=O)[C@@H]1CCCN1C(=O)[C@H](Cc1ccccc1)NC(=O)[C@@H]1CCCN1C(=O)CN)[C@@H](C)CC)C(=O)N[C@H](C(=O)O)C(C)C
333,VYPFPPG,non-umami,CC(C)[C@H](N)C(=O)N[C@@H](Cc1ccc(O)cc1)C(=O)N1CCC[C@H]1C(=O)N[C@@H](Cc1ccccc1)C(=O)N1CCC[C@H]1C(=O)N1CCC[C@H]1C(=O)NCC(=O)O,CC(C)[C@H](N)C(=O)N[C@@H](Cc1ccc(O)cc1)C(=O)N1CCC[C@H]1C(=O)N[C@@H](Cc1ccccc1)C(=O)N1CCC[C@H]1C(=O)N1CCC[C@H]1C(=O)NCC(=O)O
334,RGPPGGV,non-umami,CC(C)[C@H](NC(=O)CNC(=O)CNC(=O)[C@@H]1CCCN1C(=O)[C@@H]1CCCN1C(=O)CNC(=O)[C@@H](N)CCCNC(=N)N)C(=O)O,CC(C)[C@H](NC(=O)CNC(=O)CNC(=O)[C@@H]1CCCN1C(=O)[C@@H]1CCCN1C(=O)CNC(=O)[C@@H](N)CCCNC(=N)N)C(=O)O
335,GLL,non-umami,CC(C)C[C@H](NC(=O)[C@H](CC(C)C)NC(=O)CN)C(=O)O,CC(C)C[C@H](NC(=O)[C@H](CC(C)C)NC(=O)CN)C(=O)O
336,RGPPFF,non-umami,N=C(N)NCCC[C@H](N)C(=O)NCC(=O)N1CCC[C@H]1C(=O)N1CCC[C@H]1C(=O)N[C@@H](Cc1ccccc1)C(=O)N[C@@H](Cc1ccccc1)C(=O)O,N=C(N)NCCC[C@H](N)C(=O)NCC(=O)N1CCC[C@H]1C(=O)N1CCC[C@H]1C(=O)N[C@@H](Cc1ccccc1)C(=O)N[C@@H](Cc1ccccc1)C(=O)O
337,RPPPFFF,non-umami,N=C(N)NCCC[C@H](N)C(=O)N1CCC[C@H]1C(=O)N1CCC[C@H]1C(=O)N1CCC[C@H]1C(=O)N[C@@H](Cc1ccccc1)C(=O)N[C@@H](Cc1ccccc1)C(=O)N[C@@H](Cc1ccccc1)C(=O)O,N=C(N)NCCC[C@H](N)C(=O)N1CCC[C@H]1C(=O)N1CCC[C@H]1C(=O)N1CCC[C@H]1C(=O)N[C@@H](Cc1ccccc1)C(=O)N[C@@H](Cc1ccccc1)C(=O)N[C@@H](Cc1ccccc1)C(=O)O
338,NALPE,non-umami,CC(C)C[C@H](NC(=O)[C@H](C)NC(=O)[C@@H](N)CC(N)=O)C(=O)N1CCC[C@H]1C(=O)N[C@@H](CCC(=O)O)C(=O)O,CC(C)C[C@H](NC(=O)[C@H](C)NC(=O)[C@@H](N)CC(N)=O)C(=O)N1CCC[C@H]1C(=O)N[C@@H](CCC(=O)O)C(=O)O
339,FPPFIV,non-umami,CC[C@H](C)[C@H](NC(=O)[C@H](Cc1ccccc1)NC(=O)[C@@H]1CCCN1C(=O)[C@@H]1CCCN1C(=O)[C@@H](N)Cc1ccccc1)C(=O)N[C@H](C(=O)O)C(C)C,CC[C@H](C)[C@H](NC(=O)[C@H](Cc1ccccc1)NC(=O)[C@@H]1CCCN1C(=O)[C@@H]1CCCN1C(=O)[C@@H](N)Cc1ccccc1)C(=O)N[C@H](C(=O)O)C(C)C
340,RPFFRPFFRPFF,non-umami,N=C(N)NCCC[C@H](N)C(=O)N1CCC[C@H]1C(=O)N[C@@H](Cc1ccccc1)C(=O)N[C@@H](Cc1ccccc1)C(=O)N[C@@H](CCCNC(=N)N)C(=O)N1CCC[C@H]1C(=O)N[C@@H](Cc1ccccc1)C(=O)N[C@@H](Cc1ccccc1)C(=O)N[C@@H](CCCNC(=N)N)C(=O)N1CCC[C@H]1C(=O)N[C@@H](Cc1ccccc1)C(=O)N[C@@H](Cc1ccccc1)C(=O)O,N=C(N)NCCC[C@H](N)C(=O)N1CCC[C@H]1C(=O)N[C@@H](Cc1ccccc1)C(=O)N[C@@H](Cc1ccccc1)C(=O)N[C@@H](CCCNC(=N)N)C(=O)N1CCC[C@H]1C(=O)N[C@@H](Cc1ccccc1)C(=O)N[C@@H](Cc1ccccc1)C(=O)N[C@@H](CCCNC(=N)N)C(=O)N1CCC[C@H]1C(=O)N[C@@H](Cc1ccccc1)C(=O)N[C@@H](Cc1ccccc1)C(=O)O
341,GGRGPPFIVGG,non-umami,CC[C@H](C)[C@H](NC(=O)[C@H](Cc1ccccc1)NC(=O)[C@@H]1CCCN1C(=O)[C@@H]1CCCN1C(=O)CNC(=O)[C@H](CCCNC(=N)N)NC(=O)CNC(=O)CN)C(=O)N[C@H](C(=O)NCC(=O)NCC(=O)O)C(C)C,CC[C@H](C)[C@H](NC(=O)[C@H](Cc1ccccc1)NC(=O)[C@@H]1CCCN1C(=O)[C@@H]1CCCN1C(=O)CNC(=O)[C@H](CCCNC(=N)N)NC(=O)CNC(=O)CN)C(=O)N[C@H](C(=O)NCC(=O)NCC(=O)O)C(C)C
342,YLEQLLR,non-umami,CC(C)C[C@H](NC(=O)[C@@H](N)Cc1ccc(O)cc1)C(=O)N[C@@H](CCC(=O)O)C(=O)N[C@@H](CCC(N)=O)C(=O)N[C@@H](CC(C)C)C(=O)N[C@@H](CC(C)C)C(=O)N[C@@H](CCCNC(=N)N)C(=O)O,CC(C)C[C@H](NC(=O)[C@@H](N)Cc1ccc(O)cc1)C(=O)N[C@@H](CCC(=O)O)C(=O)N[C@@H](CCC(N)=O)C(=O)N[C@@H](CC(C)C)C(=O)N[C@@H](CC(C)C)C(=O)N[C@@H](CCCNC(=N)N)C(=O)O
343,EVLN,non-umami,CC(C)C[C@H](NC(=O)[C@@H](NC(=O)[C@@H](N)CCC(=O)O)C(C)C)C(=O)N[C@@H](CC(N)=O)C(=O)O,CC(C)C[C@H](NC(=O)[C@@H](NC(=O)[C@@H](N)CCC(=O)O)C(C)C)C(=O)N[C@@H](CC(N)=O)C(=O)O
344,EGG,non-umami,N[C@@H](CCC(=O)O)C(=O)NCC(=O)NCC(=O)O,N[C@@H](CCC(=O)O)C(=O)NCC(=O)NCC(=O)O
345,LW,non-umami,CC(C)C[C@H](N)C(=O)N[C@@H](Cc1c[nH]c2c1cccc2)C(=O)O,CC(C)C[C@H](N)C(=O)N[C@@H](Cc1c[nH]c2c1cccc2)C(=O)O
346,LLL,non-umami,CC(C)C[C@H](N)C(=O)N[C@@H](CC(C)C)C(=O)N[C@@H](CC(C)C)C(=O)O,CC(C)C[C@H](N)C(=O)N[C@@H](CC(C)C)C(=O)N[C@@H](CC(C)C)C(=O)O
347,GGVVV,non-umami,CC(C)[C@H](NC(=O)[C@@H](NC(=O)[C@@H](NC(=O)CNC(=O)CN)C(C)C)C(C)C)C(=O)O,CC(C)[C@H](NC(=O)[C@@H](NC(=O)[C@@H](NC(=O)CNC(=O)CN)C(C)C)C(C)C)C(=O)O
348,GGFF,non-umami,NCC(=O)NCC(=O)N[C@@H](Cc1ccccc1)C(=O)N[C@@H](Cc1ccccc1)C(=O)O,NCC(=O)NCC(=O)N[C@@H](Cc1ccccc1)C(=O)N[C@@H](Cc1ccccc1)C(=O)O
349,NNEDT,non-umami,C[C@@H](O)[C@H](NC(=O)[C@H](CC(=O)O)NC(=O)[C@H](CCC(=O)O)NC(=O)[C@H](CC(N)=O)NC(=O)[C@@H](N)CC(N)=O)C(=O)O,C[C@@H](O)[C@H](NC(=O)[C@H](CC(=O)O)NC(=O)[C@H](CCC(=O)O)NC(=O)[C@H](CC(N)=O)NC(=O)[C@@H](N)CC(N)=O)C(=O)O
350,QLFNPSTNPWHSP,non-umami,CC(C)C[C@H](NC(=O)[C@@H](N)CCC(N)=O)C(=O)N[C@@H](Cc1ccccc1)C(=O)N[C@@H](CC(N)=O)C(=O)N1CCC[C@H]1C(=O)N[C@@H](CO)C(=O)N[C@H](C(=O)N[C@@H](CC(N)=O)C(=O)N1CCC[C@H]1C(=O)N[C@@H](Cc1c[nH]c2c1cccc2)C(=O)N[C@@H](Cc1c[nH]cn1)C(=O)N[C@@H](CO)C(=O)N1CCC[C@H]1C(=O)O)[C@@H](C)O,CC(C)C[C@H](NC(=O)[C@@H](N)CCC(N)=O)C(=O)N[C@@H](Cc1ccccc1)C(=O)N[C@@H](CC(N)=O)C(=O)N1CCC[C@H]1C(=O)N[C@@H](CO)C(=O)N[C@H](C(=O)N[C@@H](CC(N)=O)C(=O)N1CCC[C@H]1C(=O)N[C@@H](Cc1c[nH]c2c1cccc2)C(=O)N[C@@H](Cc1c[nH]cn1)C(=O)N[C@@H](CO)C(=O)N1CCC[C@H]1C(=O)O)[C@@H](C)O
351,MAPKHKEMPFPKYPVEPF,non-umami,CSCC[C@H](N)C(=O)N[C@@H](C)C(=O)N1CCC[C@H]1C(=O)N[C@@H](CCCCN)C(=O)N[C@@H](Cc1c[nH]cn1)C(=O)N[C@@H](CCCCN)C(=O)N[C@@H](CCC(=O)O)C(=O)N[C@@H](CCSC)C(=O)N1CCC[C@H]1C(=O)N[C@@H](Cc1ccccc1)C(=O)N1CCC[C@H]1C(=O)N[C@@H](CCCCN)C(=O)N[C@@H](Cc1ccc(O)cc1)C(=O)N1CCC[C@H]1C(=O)N[C@H](C(=O)N[C@@H](CCC(=O)O)C(=O)N1CCC[C@H]1C(=O)N[C@@H](Cc1ccccc1)C(=O)O)C(C)C,CSCC[C@H](N)C(=O)N[C@@H](C)C(=O)N1CCC[C@H]1C(=O)N[C@@H](CCCCN)C(=O)N[C@@H](Cc1c[nH]cn1)C(=O)N[C@@H](CCCCN)C(=O)N[C@@H](CCC(=O)O)C(=O)N[C@@H](CCSC)C(=O)N1CCC[C@H]1C(=O)N[C@@H](Cc1ccccc1)C(=O)N1CCC[C@H]1C(=O)N[C@@H](CCCCN)C(=O)N[C@@H](Cc1ccc(O)cc1)C(=O)N1CCC[C@H]1C(=O)N[C@H](C(=O)N[C@@H](CCC(=O)O)C(=O)N1CCC[C@H]1C(=O)N[C@@H](Cc1ccccc1)C(=O)O)C(C)C
352,KF,non-umami,NCCCC[C@H](N)C(=O)N[C@@H](Cc1ccccc1)C(=O)O,NCCCC[C@H](N)C(=O)N[C@@H](Cc1ccccc1)C(=O)O
353,NLQG,non-umami,CC(C)C[C@H](NC(=O)[C@@H](N)CC(N)=O)C(=O)N[C@@H](CCC(N)=O)C(=O)NCC(=O)O,CC(C)C[C@H](NC(=O)[C@@H](N)CC(N)=O)C(=O)N[C@@H](CCC(N)=O)C(=O)NCC(=O)O
354,FPK,non-umami,NCCCC[C@H](NC(=O)[C@@H]1CCCN1C(=O)[C@@H](N)Cc1ccccc1)C(=O)O,NCCCC[C@H](NC(=O)[C@@H]1CCCN1C(=O)[C@@H](N)Cc1ccccc1)C(=O)O
355,RGPFPIV,non-umami,CC[C@H](C)[C@H](NC(=O)[C@@H]1CCCN1C(=O)[C@H](Cc1ccccc1)NC(=O)[C@@H]1CCCN1C(=O)CNC(=O)[C@@H](N)CCCNC(=N)N)C(=O)N[C@H](C(=O)O)C(C)C,CC[C@H](C)[C@H](NC(=O)[C@@H]1CCCN1C(=O)[C@H](Cc1ccccc1)NC(=O)[C@@H]1CCCN1C(=O)CNC(=O)[C@@H](N)CCCNC(=N)N)C(=O)N[C@H](C(=O)O)C(C)C
356,RPFF,non-umami,N=C(N)NCCC[C@H](N)C(=O)N1CCC[C@H]1C(=O)N[C@@H](Cc1ccccc1)C(=O)N[C@@H](Cc1ccccc1)C(=O)O,N=C(N)NCCC[C@H](N)C(=O)N1CCC[C@H]1C(=O)N[C@@H](Cc1ccccc1)C(=O)N[C@@H](Cc1ccccc1)C(=O)O
357,IGTLAGA,non-umami,CC[C@H](C)[C@H](N)C(=O)NCC(=O)N[C@H](C(=O)N[C@@H](CC(C)C)C(=O)N[C@@H](C)C(=O)NCC(=O)N[C@@H](C)C(=O)O)[C@@H](C)O,CC[C@H](C)[C@H](N)C(=O)NCC(=O)N[C@H](C(=O)N[C@@H](CC(C)C)C(=O)N[C@@H](C)C(=O)NCC(=O)N[C@@H](C)C(=O)O)[C@@H](C)O
358,EI,non-umami,CC[C@H](C)[C@H](NC(=O)[C@@H](N)CCC(=O)O)C(=O)O,CC[C@H](C)[C@H](NC(=O)[C@@H](N)CCC(=O)O)C(=O)O
359,APFPEVF,non-umami,CC(C)[C@H](NC(=O)[C@H](CCC(=O)O)NC(=O)[C@@H]1CCCN1C(=O)[C@H](Cc1ccccc1)NC(=O)[C@@H]1CCCN1C(=O)[C@H](C)N)C(=O)N[C@@H](Cc1ccccc1)C(=O)O,CC(C)[C@H](NC(=O)[C@H](CCC(=O)O)NC(=O)[C@@H]1CCCN1C(=O)[C@H](Cc1ccccc1)NC(=O)[C@@H]1CCCN1C(=O)[C@H](C)N)C(=O)N[C@@H](Cc1ccccc1)C(=O)O
360,PP,non-umami,O=C(O)[C@@H]1CCCN1C(=O)[C@@H]1CCCN1,O=C(O)[C@@H]1CCCN1C(=O)[C@@H]1CCCN1
361,PVRGPFPIIV,non-umami,CC[C@H](C)[C@H](NC(=O)[C@@H](NC(=O)[C@@H]1CCCN1C(=O)[C@H](Cc1ccccc1)NC(=O)[C@@H]1CCCN1C(=O)CNC(=O)[C@H](CCCNC(=N)N)NC(=O)[C@@H](NC(=O)[C@@H]1CCCN1)C(C)C)[C@@H](C)CC)C(=O)N[C@H](C(=O)O)C(C)C,CC[C@H](C)[C@H](NC(=O)[C@@H](NC(=O)[C@@H]1CCCN1C(=O)[C@H](Cc1ccccc1)NC(=O)[C@@H]1CCCN1C(=O)CNC(=O)[C@H](CCCNC(=N)N)NC(=O)[C@@H](NC(=O)[C@@H]1CCCN1)C(C)C)[C@@H](C)CC)C(=O)N[C@H](C(=O)O)C(C)C
362,FFVAPFPEVFGK,non-umami,CC(C)[C@H](NC(=O)[C@H](Cc1ccccc1)NC(=O)[C@@H](N)Cc1ccccc1)C(=O)N[C@@H](C)C(=O)N1CCC[C@H]1C(=O)N[C@@H](Cc1ccccc1)C(=O)N1CCC[C@H]1C(=O)N[C@@H](CCC(=O)O)C(=O)N[C@H](C(=O)N[C@@H](Cc1ccccc1)C(=O)NCC(=O)N[C@@H](CCCCN)C(=O)O)C(C)C,CC(C)[C@H](NC(=O)[C@H](Cc1ccccc1)NC(=O)[C@@H](N)Cc1ccccc1)C(=O)N[C@@H](C)C(=O)N1CCC[C@H]1C(=O)N[C@@H](Cc1ccccc1)C(=O)N1CCC[C@H]1C(=O)N[C@@H](CCC(=O)O)C(=O)N[C@H](C(=O)N[C@@H](Cc1ccccc1)C(=O)NCC(=O)N[C@@H](CCCCN)C(=O)O)C(C)C
363,FP,non-umami,N[C@@H](Cc1ccccc1)C(=O)N1CCC[C@H]1C(=O)O,N[C@@H](Cc1ccccc1)C(=O)N1CCC[C@H]1C(=O)O
364,IL,non-umami,CC[C@H](C)[C@H](N)C(=O)N[C@@H](CC(C)C)C(=O)O,CC[C@H](C)[C@H](N)C(=O)N[C@@H](CC(C)C)C(=O)O
365,PVLGPV,non-umami,CC(C)C[C@H](NC(=O)[C@@H](NC(=O)[C@@H]1CCCN1)C(C)C)C(=O)NCC(=O)N1CCC[C@H]1C(=O)N[C@H](C(=O)O)C(C)C,CC(C)C[C@H](NC(=O)[C@@H](NC(=O)[C@@H]1CCCN1)C(C)C)C(=O)NCC(=O)N1CCC[C@H]1C(=O)N[C@H](C(=O)O)C(C)C
366,FFPR,non-umami,N=C(N)NCCC[C@H](NC(=O)[C@@H]1CCCN1C(=O)[C@H](Cc1ccccc1)NC(=O)[C@@H](N)Cc1ccccc1)C(=O)O,N=C(N)NCCC[C@H](NC(=O)[C@@H]1CCCN1C(=O)[C@H](Cc1ccccc1)NC(=O)[C@@H](N)Cc1ccccc1)C(=O)O
367,RRPPFF,non-umami,N=C(N)NCCC[C@H](N)C(=O)N[C@@H](CCCNC(=N)N)C(=O)N1CCC[C@H]1C(=O)N1CCC[C@H]1C(=O)N[C@@H](Cc1ccccc1)C(=O)N[C@@H](Cc1ccccc1)C(=O)O,N=C(N)NCCC[C@H](N)C(=O)N[C@@H](CCCNC(=N)N)C(=O)N1CCC[C@H]1C(=O)N1CCC[C@H]1C(=O)N[C@@H](Cc1ccccc1)C(=O)N[C@@H](Cc1ccccc1)C(=O)O
368,VVYPWTQRF,non-umami,CC(C)[C@H](N)C(=O)N[C@H](C(=O)N[C@@H](Cc1ccc(O)cc1)C(=O)N1CCC[C@H]1C(=O)N[C@@H](Cc1c[nH]c2c1cccc2)C(=O)N[C@H](C(=O)N[C@@H](CCC(N)=O)C(=O)N[C@@H](CCCNC(=N)N)C(=O)N[C@@H](Cc1ccccc1)C(=O)O)[C@@H](C)O)C(C)C,CC(C)[C@H](N)C(=O)N[C@H](C(=O)N[C@@H](Cc1ccc(O)cc1)C(=O)N1CCC[C@H]1C(=O)N[C@@H](Cc1c[nH]c2c1cccc2)C(=O)N[C@H](C(=O)N[C@@H](CCC(N)=O)C(=O)N[C@@H](CCCNC(=N)N)C(=O)N[C@@H](Cc1ccccc1)C(=O)O)[C@@H](C)O)C(C)C
369,GYG,non-umami,NCC(=O)N[C@@H](Cc1ccc(O)cc1)C(=O)NCC(=O)O,NCC(=O)N[C@@H](Cc1ccc(O)cc1)C(=O)NCC(=O)O
370,PY,non-umami,O=C(O)[C@H](Cc1ccc(O)cc1)NC(=O)[C@@H]1CCCN1,O=C(O)[C@H](Cc1ccc(O)cc1)NC(=O)[C@@H]1CCCN1
371,RGPPFGG,non-umami,N=C(N)NCCC[C@H](N)C(=O)NCC(=O)N1CCC[C@H]1C(=O)N1CCC[C@H]1C(=O)N[C@@H](Cc1ccccc1)C(=O)NCC(=O)NCC(=O)O,N=C(N)NCCC[C@H](N)C(=O)NCC(=O)N1CCC[C@H]1C(=O)N1CCC[C@H]1C(=O)N[C@@H](Cc1ccccc1)C(=O)NCC(=O)NCC(=O)O
372,YYG,non-umami,N[C@@H](Cc1ccc(O)cc1)C(=O)N[C@@H](Cc1ccc(O)cc1)C(=O)NCC(=O)O,N[C@@H](Cc1ccc(O)cc1)C(=O)N[C@@H](Cc1ccc(O)cc1)C(=O)NCC(=O)O
373,GFG,non-umami,NCC(=O)N[C@@H](Cc1ccccc1)C(=O)NCC(=O)O,NCC(=O)N[C@@H](Cc1ccccc1)C(=O)NCC(=O)O
374,YP,non-umami,N[C@@H](Cc1ccc(O)cc1)C(=O)N1CCC[C@H]1C(=O)O,N[C@@H](Cc1ccc(O)cc1)C(=O)N1CCC[C@H]1C(=O)O
375,LLLL,non-umami,CC(C)C[C@H](N)C(=O)N[C@@H](CC(C)C)C(=O)N[C@@H](CC(C)C)C(=O)N[C@@H](CC(C)C)C(=O)O,CC(C)C[C@H](N)C(=O)N[C@@H](CC(C)C)C(=O)N[C@@H](CC(C)C)C(=O)N[C@@H](CC(C)C)C(=O)O
376,GYY,non-umami,NCC(=O)N[C@@H](Cc1ccc(O)cc1)C(=O)N[C@@H](Cc1ccc(O)cc1)C(=O)O,NCC(=O)N[C@@H](Cc1ccc(O)cc1)C(=O)N[C@@H](Cc1ccc(O)cc1)C(=O)O
377,RPFFRPFF,non-umami,N=C(N)NCCC[C@H](N)C(=O)N1CCC[C@H]1C(=O)N[C@@H](Cc1ccccc1)C(=O)N[C@@H](Cc1ccccc1)C(=O)N[C@@H](CCCNC(=N)N)C(=O)N1CCC[C@H]1C(=O)N[C@@H](Cc1ccccc1)C(=O)N[C@@H](Cc1ccccc1)C(=O)O,N=C(N)NCCC[C@H](N)C(=O)N1CCC[C@H]1C(=O)N[C@@H](Cc1ccccc1)C(=O)N[C@@H](Cc1ccccc1)C(=O)N[C@@H](CCCNC(=N)N)C(=O)N1CCC[C@H]1C(=O)N[C@@H](Cc1ccccc1)C(=O)N[C@@H](Cc1ccccc1)C(=O)O
378,IE,non-umami,CC[C@H](C)[C@H](N)C(=O)N[C@@H](CCC(=O)O)C(=O)O,CC[C@H](C)[C@H](N)C(=O)N[C@@H](CCC(=O)O)C(=O)O
379,IS,non-umami,CC[C@H](C)[C@H](N)C(=O)N[C@@H](CO)C(=O)O,CC[C@H](C)[C@H](N)C(=O)N[C@@H](CO)C(=O)O
380,VA,non-umami,CC(C)[C@H](N)C(=O)N[C@@H](C)C(=O)O,CC(C)[C@H](N)C(=O)N[C@@H](C)C(=O)O
